{"v":"5.5.4","fr":29.9700012207031,"ip":0,"op":30.0000012219251,"w":300,"h":290,"nm":"i01-iconSet-5th","ddd":0,"assets":[],"layers":[{"ddd":0,"ind":1,"ty":4,"nm":"Shape Layer 1","sr":1,"ks":{"o":{"a":0,"k":100,"ix":11},"r":{"a":0,"k":0,"ix":10},"p":{"a":0,"k":[150,176,0],"ix":2},"a":{"a":0,"k":[0,0,0],"ix":1},"s":{"a":0,"k":[100,183.333,100],"ix":6}},"ao":0,"shapes":[{"ty":"gr","it":[{"ty":"rc","d":1,"s":{"a":0,"k":[65.5,42],"ix":2},"p":{"a":0,"k":[0,0],"ix":3},"r":{"a":0,"k":20,"ix":4},"nm":"Rectangle Path 1","mn":"ADBE Vector Shape - Rect","hd":false},{"ty":"fl","c":{"a":0,"k":[1,1,1,1],"ix":4},"o":{"a":0,"k":100,"ix":5},"r":1,"bm":0,"nm":"Fill 1","mn":"ADBE Vector Graphic - Fill","hd":false},{"ty":"tr","p":{"a":0,"k":[-9.25,-12],"ix":2},"a":{"a":0,"k":[0,0],"ix":1},"s":{"a":0,"k":[100,100],"ix":3},"r":{"a":0,"k":0,"ix":6},"o":{"a":0,"k":100,"ix":7},"sk":{"a":0,"k":0,"ix":4},"sa":{"a":0,"k":0,"ix":5},"nm":"Transform"}],"nm":"Rectangle 1","np":3,"cix":2,"bm":0,"ix":1,"mn":"ADBE Vector Group","hd":false},{"ty":"gr","it":[{"d":1,"ty":"el","s":{"a":0,"k":[83.5,71.5],"ix":2},"p":{"a":0,"k":[0,0],"ix":3},"nm":"Ellipse Path 1","mn":"ADBE Vector Shape - Ellipse","hd":false},{"ty":"fl","c":{"a":0,"k":[1,1,1,1],"ix":4},"o":{"a":0,"k":100,"ix":5},"r":1,"bm":0,"nm":"Fill 1","mn":"ADBE Vector Graphic - Fill","hd":false},{"ty":"tr","p":{"a":0,"k":[-8.25,-30.25],"ix":2},"a":{"a":0,"k":[0,0],"ix":1},"s":{"a":0,"k":[100,20.237],"ix":3},"r":{"a":0,"k":0,"ix":6},"o":{"a":0,"k":100,"ix":7},"sk":{"a":0,"k":0,"ix":4},"sa":{"a":0,"k":0,"ix":5},"nm":"Transform"}],"nm":"Ellipse 1","np":3,"cix":2,"bm":0,"ix":2,"mn":"ADBE Vector Group","hd":false}],"ip":0,"op":30.0000012219251,"st":0,"bm":0},{"ddd":0,"ind":2,"ty":4,"nm":"i01-iconSet-5th Outlines","sr":1,"ks":{"o":{"a":0,"k":100,"ix":11},"r":{"a":0,"k":0,"ix":10},"p":{"a":0,"k":[150,145,0],"ix":2},"a":{"a":0,"k":[150,145,0],"ix":1},"s":{"a":0,"k":[100,100,100],"ix":6}},"ao":0,"shapes":[{"ty":"gr","it":[{"ind":0,"ty":"sh","ix":1,"ks":{"a":0,"k":{"i":[[0,0],[6.614,3.528],[-2.824,5.291],[-4.232,-2.259],[1.806,-3.386],[2.709,1.446]],"o":[[-7.495,0.158],[-5.291,-2.824],[2.258,-4.233],[3.387,1.807],[-1.445,2.709],[0,0]],"v":[[14.538,5.271],[-3.745,8.416],[-8.214,-6.276],[3.54,-9.851],[6.4,-0.449],[-1.122,1.839]],"c":false},"ix":2},"nm":"Path 1","mn":"ADBE Vector Shape - Group","hd":false},{"ty":"st","c":{"a":0,"k":[0.043000000598,0.277999997606,0.525,1],"ix":3},"o":{"a":0,"k":100,"ix":4},"w":{"a":0,"k":5,"ix":5},"lc":1,"lj":1,"ml":10,"bm":0,"nm":"Stroke 1","mn":"ADBE Vector Graphic - Stroke","hd":false},{"ty":"tr","p":{"a":0,"k":[33.004,157.262],"ix":2},"a":{"a":0,"k":[0,0],"ix":1},"s":{"a":0,"k":[100,100],"ix":3},"r":{"a":0,"k":0,"ix":6},"o":{"a":0,"k":100,"ix":7},"sk":{"a":0,"k":0,"ix":4},"sa":{"a":0,"k":0,"ix":5},"nm":"Transform"}],"nm":"tal-ico01","np":2,"cix":2,"bm":0,"ix":1,"mn":"ADBE Vector Group","hd":false},{"ty":"gr","it":[{"ind":0,"ty":"sh","ix":1,"ks":{"a":1,"k":[{"i":{"x":0.833,"y":0.833},"o":{"x":0.167,"y":0.167},"t":2,"s":[{"i":[[-3.994,0],[0,-3.993],[3.994,0],[0,3.995]],"o":[[3.994,0],[0,3.995],[-3.994,0],[0,-3.993]],"v":[[0,-7.231],[7.231,-0.001],[0,7.231],[-7.231,-0.001]],"c":true}]},{"i":{"x":0.833,"y":0.833},"o":{"x":0.167,"y":0.167},"t":10,"s":[{"i":[[-3.994,0],[0,-3.993],[3.994,0],[0,3.995]],"o":[[3.994,0],[0,3.995],[-3.994,0],[0,-3.993]],"v":[[0,-7.231],[7.231,-0.001],[0,7.231],[-7.231,-0.001]],"c":true}]},{"i":{"x":0.833,"y":0.833},"o":{"x":0.167,"y":0.167},"t":20,"s":[{"i":[[-3.994,0],[0,-3.993],[3.994,0],[0,3.995]],"o":[[3.994,0],[0,3.995],[-3.994,0],[0,-3.993]],"v":[[-2,-9.481],[6.731,-1.751],[1.5,5.481],[-5.731,-1.751]],"c":true}]},{"t":24.00000097754,"s":[{"i":[[-3.994,0],[0,-3.993],[3.994,0],[0,3.995]],"o":[[3.994,0],[0,3.995],[-3.994,0],[0,-3.993]],"v":[[0,-7.231],[7.231,-0.001],[0,7.231],[-7.231,-0.001]],"c":true}]}],"ix":2},"nm":"Path 1","mn":"ADBE Vector Shape - Group","hd":false},{"ty":"fl","c":{"a":0,"k":[0.043000000598,0.277999997606,0.525,1],"ix":4},"o":{"a":0,"k":100,"ix":5},"r":1,"bm":0,"nm":"Fill 1","mn":"ADBE Vector Graphic - Fill","hd":false},{"ty":"tr","p":{"a":0,"k":[207.557,149.204],"ix":2},"a":{"a":0,"k":[0,0],"ix":1},"s":{"a":0,"k":[100,100],"ix":3},"r":{"a":0,"k":0,"ix":6},"o":{"a":0,"k":100,"ix":7},"sk":{"a":0,"k":0,"ix":4},"sa":{"a":0,"k":0,"ix":5},"nm":"Transform"}],"nm":"eye-ico01","np":2,"cix":2,"bm":0,"ix":2,"mn":"ADBE Vector Group","hd":false},{"ty":"gr","it":[{"ind":0,"ty":"sh","ix":1,"ks":{"a":0,"k":{"i":[[0,0],[-32.214,-6.435]],"o":[[0,0],[0,0]],"v":[[-29.889,3.242],[29.888,3.193]],"c":false},"ix":2},"nm":"Path 1","mn":"ADBE Vector Shape - Group","hd":false},{"ty":"st","c":{"a":0,"k":[0.043000000598,0.277999997606,0.525,1],"ix":3},"o":{"a":0,"k":100,"ix":4},"w":{"a":0,"k":5,"ix":5},"lc":1,"lj":1,"ml":10,"bm":0,"nm":"Stroke 1","mn":"ADBE Vector Graphic - Stroke","hd":false},{"ty":"tr","p":{"a":0,"k":[140.837,104.239],"ix":2},"a":{"a":0,"k":[0,0],"ix":1},"s":{"a":0,"k":[100,100],"ix":3},"r":{"a":0,"k":0,"ix":6},"o":{"a":0,"k":100,"ix":7},"sk":{"a":0,"k":0,"ix":4},"sa":{"a":0,"k":0,"ix":5},"nm":"Transform"}],"nm":"hole-ico01","np":2,"cix":2,"bm":0,"ix":3,"mn":"ADBE Vector Group","hd":false},{"ty":"gr","it":[{"ind":0,"ty":"sh","ix":1,"ks":{"a":0,"k":{"i":[[-11.791,0],[0,-11.734],[11.791,0],[0,11.735]],"o":[[11.791,0],[0,11.735],[-11.791,0],[0,-11.734]],"v":[[0,-21.249],[21.349,-0.001],[0,21.249],[-21.349,-0.001]],"c":true},"ix":2},"nm":"Path 1","mn":"ADBE Vector Shape - Group","hd":false},{"ty":"st","c":{"a":0,"k":[0.043000000598,0.277999997606,0.525,1],"ix":3},"o":{"a":0,"k":100,"ix":4},"w":{"a":0,"k":5,"ix":5},"lc":1,"lj":1,"ml":10,"bm":0,"nm":"Stroke 1","mn":"ADBE Vector Graphic - Stroke","hd":false},{"ty":"tr","p":{"a":1,"k":[{"i":{"x":0.833,"y":0.833},"o":{"x":0.167,"y":0.167},"t":2,"s":[141.788,54.249],"to":[0,0],"ti":[0,0]},{"i":{"x":0.833,"y":0.833},"o":{"x":0.167,"y":0.167},"t":10,"s":[141.788,54.249],"to":[0,13.167],"ti":[0,-13.167]},{"i":{"x":0.833,"y":0.833},"o":{"x":0.333,"y":0.333},"t":20,"s":[141.788,133.249],"to":[0,0],"ti":[0,0]},{"i":{"x":0.833,"y":0.833},"o":{"x":0.333,"y":0},"t":26,"s":[141.788,133.249],"to":[0,-13.167],"ti":[0,13.167]},{"i":{"x":0.833,"y":0.833},"o":{"x":0.167,"y":0.167},"t":27,"s":[141.788,54.249],"to":[0,0],"ti":[0,0]},{"t":29.0000011811942,"s":[141.788,54.249]}],"ix":2},"a":{"a":0,"k":[0,0],"ix":1},"s":{"a":0,"k":[100,100],"ix":3},"r":{"a":0,"k":0,"ix":6},"o":{"a":1,"k":[{"i":{"x":[0.833],"y":[0.833]},"o":{"x":[0.167],"y":[0.167]},"t":25,"s":[100]},{"i":{"x":[0.833],"y":[0.833]},"o":{"x":[0.167],"y":[0.167]},"t":26,"s":[0]},{"t":30.0000012219251,"s":[0]}],"ix":7},"sk":{"a":0,"k":0,"ix":4},"sa":{"a":0,"k":0,"ix":5},"nm":"Transform"}],"nm":"coin-ico01","np":2,"cix":2,"bm":0,"ix":4,"mn":"ADBE Vector Group","hd":false},{"ty":"gr","it":[{"ind":0,"ty":"sh","ix":1,"ks":{"a":1,"k":[{"i":{"x":0.833,"y":0.833},"o":{"x":0.167,"y":0.167},"t":2,"s":[{"i":[[19.85,0],[18.554,-15.563],[5.007,-9.931],[0,-11.346],[-5.413,-10.601],[-9.435,-7.571],[-1.486,-4.951],[-1.503,-4.051],[-4.223,0],[0,0],[-0.813,2.678],[-0.647,2.756],[-0.215,0.879],[-9.477,0],[-6.216,1.161],[-0.249,-1.003],[-0.76,-2.347],[-4.118,0],[-2.095,-0.108],[-1.419,0],[-2.288,1.228],[-3.734,11.91],[-1.372,2.2],[-9.127,8.317],[0.503,1.65],[2.738,0.473],[0.554,0.088],[-1.355,1.355],[0,5.246],[0,0],[2.506,1.089],[1.648,0],[0.475,-0.007],[0.475,0],[1.206,0.652],[-0.76,8.746],[-1.79,4.328],[1.372,2.055],[1.486,0],[0.209,-0.03],[6.575,-4.5]],"o":[[-26.152,0],[-9.098,7.631],[-5.219,10.347],[0,11.817],[5.207,10.198],[0.993,1.808],[1.499,4.997],[1.861,5.015],[0,0],[4.151,0],[0.753,-2.479],[0.193,-0.818],[8.846,2.18],[13.634,0],[0.274,1.047],[0.655,2.639],[0.772,2.382],[2.66,0],[1.748,0.091],[2.223,0],[2.235,-1.2],[1.465,-4.672],[19.195,-13.332],[1.279,-1.165],[-0.864,-2.841],[-0.471,-0.082],[7.223,-1.358],[2.722,-2.723],[0,0],[0,-2.822],[-1.585,-0.688],[-0.443,0],[-0.453,0.007],[-1.613,0],[-15.805,-8.544],[0.834,-9.589],[1.064,-2.571],[-0.826,-1.234],[-0.21,0],[-12.137,1.785],[-15.236,-8.831]],"v":[[-10.73,-90.721],[-80.056,-66.588],[-101.313,-40.122],[-109.177,-7.43],[-101.02,26.355],[-78.957,53.131],[-74.467,66.592],[-69.915,80.808],[-61.811,90.324],[-45.95,90.324],[-39.625,83.163],[-37.491,74.803],[-36.864,72.171],[-11.896,75.395],[20.323,72.308],[21.138,75.531],[23.296,83.506],[29.623,90.324],[36.753,90.553],[41.43,90.721],[48.521,89.327],[55.174,74.426],[61.007,58.001],[101.436,27.098],[102.713,22.465],[96.524,18.704],[94.982,18.449],[105.075,15.445],[109.177,3.435],[109.177,-15.827],[105.233,-21.981],[100.256,-22.764],[98.877,-22.749],[97.481,-22.734],[92.85,-23.474],[70.442,-57.43],[77.26,-81.483],[77.654,-87.807],[73.942,-89.789],[73.31,-89.744],[43.47,-77.052]],"c":true}]},{"i":{"x":0.667,"y":1},"o":{"x":0.333,"y":0},"t":15,"s":[{"i":[[19.85,0],[18.554,-15.563],[5.007,-9.931],[0,-11.346],[-5.413,-10.601],[-9.435,-7.571],[-1.486,-4.951],[-1.503,-4.051],[-4.223,0],[0,0],[-0.813,2.678],[-0.647,2.756],[-0.215,0.879],[-9.477,0],[-6.216,1.161],[-0.249,-1.003],[-0.76,-2.347],[-4.118,0],[-2.095,-0.108],[-1.419,0],[-2.288,1.228],[-3.734,11.91],[-1.372,2.2],[-9.127,8.317],[0.503,1.65],[2.738,0.473],[0.554,0.088],[-1.355,1.355],[0,5.246],[0,0],[2.506,1.089],[1.648,0],[0.475,-0.007],[0.475,0],[1.206,0.652],[-0.76,8.746],[-1.79,4.328],[1.372,2.055],[1.486,0],[0.209,-0.03],[6.575,-4.5]],"o":[[-26.152,0],[-9.098,7.631],[-5.219,10.347],[0,11.817],[5.207,10.198],[0.993,1.808],[1.499,4.997],[1.861,5.015],[0,0],[4.151,0],[0.753,-2.479],[0.193,-0.818],[8.846,2.18],[13.634,0],[0.274,1.047],[0.655,2.639],[0.772,2.382],[2.66,0],[1.748,0.091],[2.223,0],[2.235,-1.2],[1.465,-4.672],[19.195,-13.332],[1.279,-1.165],[-0.864,-2.841],[-0.471,-0.082],[7.223,-1.358],[2.722,-2.723],[0,0],[0,-2.822],[-1.585,-0.688],[-0.443,0],[-0.453,0.007],[-1.613,0],[-15.805,-8.544],[0.834,-9.589],[1.064,-2.571],[-0.826,-1.234],[-0.21,0],[-12.137,1.785],[-15.236,-8.831]],"v":[[-10.73,-90.721],[-80.056,-66.588],[-101.313,-40.122],[-109.177,-7.43],[-101.02,26.355],[-78.957,53.131],[-74.467,66.592],[-69.915,80.808],[-61.811,90.324],[-45.95,90.324],[-39.625,83.163],[-37.491,74.803],[-36.864,72.171],[-11.896,75.395],[20.323,72.308],[21.138,75.531],[23.296,83.506],[29.623,90.324],[36.753,90.553],[41.43,90.721],[48.521,89.327],[55.174,74.426],[61.007,58.001],[101.436,27.098],[102.713,22.465],[96.524,18.704],[94.982,18.449],[105.075,15.445],[109.177,3.435],[109.177,-15.827],[105.233,-21.981],[100.256,-22.764],[98.877,-22.749],[97.481,-22.734],[92.85,-23.474],[70.442,-57.43],[77.26,-81.483],[77.654,-87.807],[73.942,-89.789],[73.31,-89.744],[43.47,-77.052]],"c":true}]},{"i":{"x":0.833,"y":0.833},"o":{"x":0.333,"y":0},"t":23,"s":[{"i":[[19.85,0],[18.554,-15.563],[5.007,-9.931],[0,-11.346],[-5.413,-10.601],[-9.435,-7.571],[-1.486,-4.951],[-1.503,-4.051],[-4.223,0],[0,0],[-0.813,2.678],[-0.647,2.756],[-0.215,0.879],[-9.477,0],[-6.216,1.161],[-0.249,-1.003],[-0.76,-2.347],[-4.118,0],[-2.095,-0.108],[-1.419,0],[-2.288,1.228],[-3.734,11.91],[-1.372,2.2],[-9.127,8.317],[0.503,1.65],[2.738,0.473],[0.554,0.088],[-1.355,1.355],[0,5.246],[0,0],[2.506,1.089],[1.648,0],[0.475,-0.007],[0.475,0],[1.206,0.652],[-0.76,8.746],[-1.79,4.328],[1.372,2.055],[1.486,0],[0.209,-0.03],[6.575,-4.5]],"o":[[-26.152,0],[-9.098,7.631],[-5.219,10.347],[0,11.817],[5.207,10.198],[0.993,1.808],[1.499,4.997],[1.861,5.015],[0,0],[4.151,0],[0.753,-2.479],[0.193,-0.818],[8.846,2.18],[13.634,0],[0.274,1.047],[0.655,2.639],[0.772,2.382],[2.66,0],[1.748,0.091],[2.223,0],[2.235,-1.2],[1.465,-4.672],[19.195,-13.332],[1.279,-1.165],[-0.864,-2.841],[-0.471,-0.082],[7.223,-1.358],[2.722,-2.723],[0,0],[0,-2.822],[-1.585,-0.688],[-0.443,0],[-0.453,0.007],[-1.613,0],[-15.805,-8.544],[0.834,-9.589],[1.064,-2.571],[-0.826,-1.234],[-0.21,0],[-12.137,1.785],[-15.236,-8.831]],"v":[[-10.73,-90.721],[-80.056,-66.588],[-101.313,-40.122],[-109.177,-7.43],[-101.02,26.355],[-78.957,53.131],[-74.467,66.592],[-69.915,80.808],[-61.811,90.324],[-45.95,90.324],[-39.625,83.163],[-37.491,74.803],[-36.864,72.171],[-11.896,75.395],[20.323,72.308],[21.138,75.531],[23.296,83.506],[29.623,90.324],[36.753,90.553],[41.43,90.721],[48.521,89.327],[55.174,74.426],[61.007,58.001],[101.436,27.098],[102.713,22.465],[96.524,18.704],[94.982,18.449],[105.087,13.191],[109.177,3.435],[109.177,-15.827],[105.233,-21.981],[100.256,-22.764],[98.877,-22.749],[97.481,-22.734],[92.85,-23.474],[70.442,-57.43],[76.697,-80.233],[77.342,-87.12],[73.38,-88.539],[72.748,-88.494],[43.47,-77.052]],"c":true}]},{"t":28.0000011404634,"s":[{"i":[[19.85,0],[18.554,-15.563],[5.007,-9.931],[0,-11.346],[-5.413,-10.601],[-9.435,-7.571],[-1.486,-4.951],[-1.503,-4.051],[-4.223,0],[0,0],[-0.813,2.678],[-0.647,2.756],[-0.215,0.879],[-9.477,0],[-6.216,1.161],[-0.249,-1.003],[-0.76,-2.347],[-4.118,0],[-2.095,-0.108],[-1.419,0],[-2.288,1.228],[-3.734,11.91],[-1.372,2.2],[-9.127,8.317],[0.503,1.65],[2.738,0.473],[0.554,0.088],[-1.355,1.355],[0,5.246],[0,0],[2.506,1.089],[1.648,0],[0.475,-0.007],[0.475,0],[1.206,0.652],[-0.76,8.746],[-1.79,4.328],[1.372,2.055],[1.486,0],[0.209,-0.03],[6.575,-4.5]],"o":[[-26.152,0],[-9.098,7.631],[-5.219,10.347],[0,11.817],[5.207,10.198],[0.993,1.808],[1.499,4.997],[1.861,5.015],[0,0],[4.151,0],[0.753,-2.479],[0.193,-0.818],[8.846,2.18],[13.634,0],[0.274,1.047],[0.655,2.639],[0.772,2.382],[2.66,0],[1.748,0.091],[2.223,0],[2.235,-1.2],[1.465,-4.672],[19.195,-13.332],[1.279,-1.165],[-0.864,-2.841],[-0.471,-0.082],[7.223,-1.358],[2.722,-2.723],[0,0],[0,-2.822],[-1.585,-0.688],[-0.443,0],[-0.453,0.007],[-1.613,0],[-15.805,-8.544],[0.834,-9.589],[1.064,-2.571],[-0.826,-1.234],[-0.21,0],[-12.137,1.785],[-15.236,-8.831]],"v":[[-10.73,-90.721],[-80.056,-66.588],[-101.313,-40.122],[-109.177,-7.43],[-101.02,26.355],[-78.957,53.131],[-74.467,66.592],[-69.915,80.808],[-61.811,90.324],[-45.95,90.324],[-39.625,83.163],[-37.491,74.803],[-36.864,72.171],[-11.896,75.395],[20.323,72.308],[21.138,75.531],[23.296,83.506],[29.623,90.324],[36.753,90.553],[41.43,90.721],[48.521,89.327],[55.174,74.426],[61.007,58.001],[101.436,27.098],[102.713,22.465],[96.524,18.704],[94.982,18.449],[105.075,15.445],[109.177,3.435],[109.177,-15.827],[105.233,-21.981],[100.256,-22.764],[98.877,-22.749],[97.481,-22.734],[92.85,-23.474],[70.442,-57.43],[77.26,-81.483],[77.654,-87.807],[73.942,-89.789],[73.31,-89.744],[43.47,-77.052]],"c":true}]}],"ix":2},"nm":"Path 1","mn":"ADBE Vector Shape - Group","hd":false},{"ind":1,"ty":"sh","ix":2,"ks":{"a":1,"k":[{"i":{"x":0.833,"y":0.833},"o":{"x":0.167,"y":0.167},"t":2,"s":[{"i":[[-51.914,0],[-14.968,-9.398],[0,0],[-15.832,2.328],[0,0],[1.168,-13.441],[-17.26,-9.33],[-2.259,0],[-0.863,0],[0,-2.211],[0,0],[2.577,-2.577],[9.534,-3.178],[0.887,-0.807],[19.043,-13.216],[1.785,-0.96],[2.095,0],[4.932,0],[1.265,0.001],[0.009,-0.002],[14.826,0],[11.131,2.916],[0.008,0],[2.18,0],[0,0],[3.003,2.383],[0,22.561]],"o":[[20.267,0],[0,0],[0.116,0],[0,0],[0.419,-0.001],[-0.933,10.731],[2.051,1.109],[0.973,0],[2.582,0],[0,0],[0,2.055],[-0.922,0.921],[-4.861,1.62],[-9.112,8.302],[-3.091,2.144],[-1.245,0.668],[-2.983,0],[-2.316,0],[-0.009,0],[-6.084,1.333],[-10.153,0],[-0.007,-0.002],[-1.043,-0.003],[0,0],[-3.927,0],[-18.11,-14.372],[0,-43.545]],"v":[[-10.73,-86.272],[43.656,-71.743],[43.657,-71.743],[73.938,-85.339],[73.942,-85.339],[66.009,-57.814],[90.671,-18.731],[97.417,-17.455],[100.193,-17.487],[104.665,-14.999],[104.728,3.436],[101.929,12.299],[84.73,18.006],[98.439,23.811],[58.078,54.618],[46.416,85.41],[41.429,86.273],[29.622,85.876],[23.118,67.212],[23.091,67.215],[-11.896,70.947],[-39.743,66.846],[-39.765,66.844],[-45.951,85.876],[-61.811,85.876],[-75.806,49.954],[-104.728,-7.428]],"c":true}]},{"i":{"x":0.667,"y":1},"o":{"x":0.333,"y":0},"t":15,"s":[{"i":[[-51.914,0],[-14.968,-9.398],[0,0],[-15.832,2.328],[0,0],[1.168,-13.441],[-17.26,-9.33],[-2.259,0],[-0.863,0],[0,-2.211],[0,0],[2.577,-2.577],[9.534,-3.178],[0.887,-0.807],[19.043,-13.216],[1.785,-0.96],[2.095,0],[4.932,0],[1.265,0.001],[0.009,-0.002],[14.826,0],[11.131,2.916],[0.008,0],[2.18,0],[0,0],[3.003,2.383],[0,22.561]],"o":[[20.267,0],[0,0],[0.116,0],[0,0],[0.419,-0.001],[-0.933,10.731],[2.051,1.109],[0.973,0],[2.582,0],[0,0],[0,2.055],[-0.922,0.921],[-4.861,1.62],[-9.112,8.302],[-3.091,2.144],[-1.245,0.668],[-2.983,0],[-2.316,0],[-0.009,0],[-6.084,1.333],[-10.153,0],[-0.007,-0.002],[-1.043,-0.003],[0,0],[-3.927,0],[-18.11,-14.372],[0,-43.545]],"v":[[-10.73,-86.272],[43.656,-71.743],[43.657,-71.743],[73.938,-85.339],[73.942,-85.339],[66.009,-57.814],[90.671,-18.731],[97.417,-17.455],[100.193,-17.487],[104.665,-14.999],[104.728,3.436],[101.929,12.299],[84.73,18.006],[98.439,23.811],[58.078,54.618],[46.416,85.41],[41.429,86.273],[29.622,85.876],[23.118,67.212],[23.091,67.215],[-11.896,70.947],[-39.743,66.846],[-39.765,66.844],[-45.951,85.876],[-61.811,85.876],[-75.806,49.954],[-104.728,-7.428]],"c":true}]},{"i":{"x":0.833,"y":0.833},"o":{"x":0.333,"y":0},"t":23,"s":[{"i":[[-51.914,0],[-14.968,-9.398],[0,0],[-15.832,2.328],[0,0],[1.168,-13.441],[-17.26,-9.33],[-2.259,0],[-0.863,0],[0,-2.211],[0,0],[2.577,-2.577],[9.534,-3.178],[0.887,-0.807],[19.043,-13.216],[1.785,-0.96],[2.095,0],[4.932,0],[1.265,0.001],[0.009,-0.002],[14.826,0],[11.131,2.916],[0.008,0],[2.18,0],[0,0],[3.003,2.383],[0,22.561]],"o":[[20.267,0],[0,0],[0.116,0],[0,0],[0.419,-0.001],[-0.933,10.731],[2.051,1.109],[0.973,0],[2.582,0],[0,0],[0,2.055],[-0.922,0.921],[-4.861,1.62],[-9.112,8.302],[-3.091,2.144],[-1.245,0.668],[-2.983,0],[-2.316,0],[-0.009,0],[-6.084,1.333],[-10.153,0],[-0.007,-0.002],[-1.043,-0.003],[0,0],[-3.927,0],[-18.11,-14.372],[0,-43.545]],"v":[[-10.73,-86.272],[43.656,-71.743],[43.657,-71.743],[73.376,-84.089],[73.317,-83.714],[66.009,-57.814],[90.671,-18.731],[97.417,-17.455],[100.193,-17.487],[104.665,-14.999],[104.728,3.436],[101.941,10.046],[84.73,18.006],[98.439,23.811],[58.078,54.618],[46.416,85.41],[41.429,86.273],[29.622,85.876],[23.118,67.212],[23.091,67.215],[-11.896,70.947],[-39.743,66.846],[-39.765,66.844],[-45.951,85.876],[-61.811,85.876],[-75.806,49.954],[-104.728,-7.428]],"c":true}]},{"t":28.0000011404634,"s":[{"i":[[-51.914,0],[-14.968,-9.398],[0,0],[-15.832,2.328],[0,0],[1.168,-13.441],[-17.26,-9.33],[-2.259,0],[-0.863,0],[0,-2.211],[0,0],[2.577,-2.577],[9.534,-3.178],[0.887,-0.807],[19.043,-13.216],[1.785,-0.96],[2.095,0],[4.932,0],[1.265,0.001],[0.009,-0.002],[14.826,0],[11.131,2.916],[0.008,0],[2.18,0],[0,0],[3.003,2.383],[0,22.561]],"o":[[20.267,0],[0,0],[0.116,0],[0,0],[0.419,-0.001],[-0.933,10.731],[2.051,1.109],[0.973,0],[2.582,0],[0,0],[0,2.055],[-0.922,0.921],[-4.861,1.62],[-9.112,8.302],[-3.091,2.144],[-1.245,0.668],[-2.983,0],[-2.316,0],[-0.009,0],[-6.084,1.333],[-10.153,0],[-0.007,-0.002],[-1.043,-0.003],[0,0],[-3.927,0],[-18.11,-14.372],[0,-43.545]],"v":[[-10.73,-86.272],[43.656,-71.743],[43.657,-71.743],[73.938,-85.339],[73.942,-85.339],[66.009,-57.814],[90.671,-18.731],[97.417,-17.455],[100.193,-17.487],[104.665,-14.999],[104.728,3.436],[101.929,12.299],[84.73,18.006],[98.439,23.811],[58.078,54.618],[46.416,85.41],[41.429,86.273],[29.622,85.876],[23.118,67.212],[23.091,67.215],[-11.896,70.947],[-39.743,66.846],[-39.765,66.844],[-45.951,85.876],[-61.811,85.876],[-75.806,49.954],[-104.728,-7.428]],"c":true}]}],"ix":2},"nm":"Path 2","mn":"ADBE Vector Shape - Group","hd":false},{"ty":"mm","mm":1,"nm":"Merge Paths 1","mn":"ADBE Vector Filter - Merge","hd":false},{"ty":"fl","c":{"a":0,"k":[0.043000000598,0.277999997606,0.525,1],"ix":4},"o":{"a":0,"k":100,"ix":5},"r":1,"bm":0,"nm":"Fill 1","mn":"ADBE Vector Graphic - Fill","hd":false},{"ty":"tr","p":{"a":0,"k":[155.182,174.658],"ix":2},"a":{"a":0,"k":[0,0],"ix":1},"s":{"a":0,"k":[100,100],"ix":3},"r":{"a":0,"k":0,"ix":6},"o":{"a":0,"k":100,"ix":7},"sk":{"a":0,"k":0,"ix":4},"sa":{"a":0,"k":0,"ix":5},"nm":"Transform"}],"nm":"Body","np":4,"cix":2,"bm":0,"ix":5,"mn":"ADBE Vector Group","hd":false}],"ip":0,"op":30.0000012219251,"st":0,"bm":0},{"ddd":0,"ind":4,"ty":1,"nm":"White Solid 1","sr":1,"ks":{"o":{"a":0,"k":100,"ix":11},"r":{"a":0,"k":0,"ix":10},"p":{"a":0,"k":[150,145,0],"ix":2},"a":{"a":0,"k":[150,145,0],"ix":1},"s":{"a":0,"k":[100,100,100],"ix":6}},"ao":0,"sw":300,"sh":290,"sc":"#ffffff","ip":0,"op":30.0000012219251,"st":0,"bm":0}],"markers":[]}