{"v":"5.5.4","fr":29.9700012207031,"ip":0,"op":35.0000014255792,"w":300,"h":290,"nm":"i03-iconSet-6th","ddd":0,"assets":[],"layers":[{"ddd":0,"ind":1,"ty":1,"nm":"crack-up","sr":1,"ks":{"o":{"a":0,"k":100,"ix":11},"r":{"a":0,"k":0,"ix":10},"p":{"a":0,"k":[150,145,0],"ix":2},"a":{"a":0,"k":[150,145,0],"ix":1},"s":{"a":0,"k":[100,100,100],"ix":6}},"ao":0,"hasMask":true,"masksProperties":[{"inv":false,"mode":"a","pt":{"a":1,"k":[{"i":{"x":0,"y":1},"o":{"x":0.167,"y":0.167},"t":2,"s":[{"i":[[0,0],[0,0],[0,0],[0,0],[0,0],[0,0],[0,0]],"o":[[0,0],[0,0],[0,0],[0,0],[0,0],[0,0],[0,0]],"v":[[162.375,86.625],[143.75,117.25],[154.75,132.625],[141,154.25],[154.688,132.687],[144,117.5],[166.375,87.125]],"c":true}]},{"i":{"x":0,"y":1},"o":{"x":0.333,"y":0},"t":14,"s":[{"i":[[0,0],[0,0],[0,0],[0,0],[0,0],[0,0],[0,0]],"o":[[0,0],[0,0],[0,0],[0,0],[0,0],[0,0],[0,0]],"v":[[148.125,85.125],[138.5,132.25],[152,149.125],[137.5,182.25],[158.938,147.438],[148.5,132.5],[166.375,87.125]],"c":true}]},{"i":{"x":0.667,"y":1},"o":{"x":0.333,"y":0},"t":25,"s":[{"i":[[0,0],[0,0],[0,0],[0,0],[0,0],[0,0],[0,0]],"o":[[0,0],[0,0],[0,0],[0,0],[0,0],[0,0],[0,0]],"v":[[148.125,85.125],[138.5,132.25],[152,149.125],[137.5,182.25],[158.938,147.438],[148.5,132.5],[166.375,87.125]],"c":true}]},{"t":31.0000012626559,"s":[{"i":[[0,0],[0,0],[0,0],[0,0],[0,0],[0,0],[0,0]],"o":[[0,0],[0,0],[0,0],[0,0],[0,0],[0,0],[0,0]],"v":[[162.375,86.625],[143.75,117.25],[154.75,132.625],[141,154.25],[154.688,132.687],[144,117.5],[166.375,87.125]],"c":true}]}],"ix":1},"o":{"a":0,"k":100,"ix":3},"x":{"a":0,"k":0,"ix":4},"nm":"Mask 1"}],"sw":300,"sh":290,"sc":"#ffffff","ip":0,"op":35.0000014255792,"st":0,"bm":0},{"ddd":0,"ind":2,"ty":1,"nm":"crack","sr":1,"ks":{"o":{"a":0,"k":100,"ix":11},"r":{"a":0,"k":0,"ix":10},"p":{"a":0,"k":[150,145,0],"ix":2},"a":{"a":0,"k":[150,145,0],"ix":1},"s":{"a":0,"k":[100,100,100],"ix":6}},"ao":0,"hasMask":true,"masksProperties":[{"inv":false,"mode":"a","pt":{"a":1,"k":[{"i":{"x":0,"y":1},"o":{"x":0.167,"y":0.167},"t":2,"s":[{"i":[[0,0],[0,0],[0,0],[0,0],[0,0],[0,0],[0,0]],"o":[[0,0],[0,0],[0,0],[0,0],[0,0],[0,0],[0,0]],"v":[[157,86],[140.5,117.5],[153.125,133],[141,154.25],[157.25,133],[147.625,118],[170.625,88.25]],"c":true}]},{"i":{"x":0,"y":1},"o":{"x":0.333,"y":0},"t":14,"s":[{"i":[[0,0],[0,0],[0,0],[0,0],[0,0],[0,0],[0,0]],"o":[[0,0],[0,0],[0,0],[0,0],[0,0],[0,0],[0,0]],"v":[[142.25,85.5],[134.5,133.5],[147.375,150],[127.25,201.5],[163.5,147.5],[153.125,132.5],[170.625,88.25]],"c":true}]},{"i":{"x":0.667,"y":1},"o":{"x":0.333,"y":0},"t":25,"s":[{"i":[[0,0],[0,0],[0,0],[0,0],[0,0],[0,0],[0,0]],"o":[[0,0],[0,0],[0,0],[0,0],[0,0],[0,0],[0,0]],"v":[[142.25,85.5],[134.5,133.5],[147.375,150],[127.25,201.5],[163.5,147.5],[153.125,132.5],[170.625,88.25]],"c":true}]},{"t":31.0000012626559,"s":[{"i":[[0,0],[0,0],[0,0],[0,0],[0,0],[0,0],[0,0]],"o":[[0,0],[0,0],[0,0],[0,0],[0,0],[0,0],[0,0]],"v":[[157,86],[140.5,117.5],[153.125,133],[141,154.25],[157.25,133],[147.625,118],[170.625,88.25]],"c":true}]}],"ix":1},"o":{"a":0,"k":100,"ix":3},"x":{"a":0,"k":0,"ix":4},"nm":"Mask 1"}],"sw":300,"sh":290,"sc":"#0b4786","ip":0,"op":35.0000014255792,"st":0,"bm":0},{"ddd":0,"ind":3,"ty":4,"nm":"i03-iconSet-6th Outlines","sr":1,"ks":{"o":{"a":0,"k":100,"ix":11},"r":{"a":0,"k":0,"ix":10},"p":{"a":0,"k":[150,145,0],"ix":2},"a":{"a":0,"k":[150,145,0],"ix":1},"s":{"a":1,"k":[{"i":{"x":[0.667,0.667,0.667],"y":[1,1,1]},"o":{"x":[0.167,0.167,0.167],"y":[0.167,0,0]},"t":14,"s":[100,100,100]},{"i":{"x":[0.833,0.833,0.833],"y":[0.833,1,1]},"o":{"x":[0.333,0.333,0.333],"y":[0,0,0]},"t":21,"s":[102,100,100]},{"t":28.0000011404634,"s":[100,100,100]}],"ix":6}},"ao":0,"shapes":[{"ty":"gr","it":[{"ind":0,"ty":"sh","ix":1,"ks":{"a":0,"k":{"i":[[0.23,-36.901],[-48.753,-0.304],[-0.233,37.086],[48.753,0.304],[0.243,0]],"o":[[-0.233,37.088],[48.753,0.306],[0.232,-37.088],[-0.244,-0.002],[-48.418,0.001]],"v":[[-105.367,32.006],[-17.512,99.711],[71.192,31.851],[-16.764,-35.201],[-17.492,-35.203]],"c":true},"ix":2},"nm":"Path 3","mn":"ADBE Vector Shape - Group","hd":false},{"ty":"tr","p":{"a":0,"k":[161.372,120.874],"ix":2},"a":{"a":0,"k":[0,0],"ix":1},"s":{"a":1,"k":[{"i":{"x":[0,0],"y":[0.997,0.997]},"o":{"x":[0.801,0.801],"y":[0.005,0.005]},"t":2,"s":[100,100]},{"t":14.0000005702317,"s":[100,100]}],"ix":3},"r":{"a":0,"k":0,"ix":6},"o":{"a":0,"k":100,"ix":7},"sk":{"a":0,"k":0,"ix":4},"sa":{"a":0,"k":0,"ix":5},"nm":"Transform"}],"nm":"mask-ico03","np":1,"cix":2,"bm":0,"ix":1,"mn":"ADBE Vector Group","hd":false},{"ty":"gr","it":[{"ind":0,"ty":"sh","ix":1,"ks":{"a":1,"k":[{"i":{"x":0,"y":1},"o":{"x":0.333,"y":0},"t":5,"s":[{"i":[[0,0],[6.614,3.528],[-2.824,5.291],[-4.232,-2.259],[1.806,-3.386],[2.709,1.446]],"o":[[-7.495,0.158],[-5.291,-2.824],[2.258,-4.233],[3.387,1.807],[-1.445,2.709],[0,0]],"v":[[12.788,5.354],[-5.495,8.499],[-9.964,-6.193],[1.79,-9.768],[4.65,-0.366],[-2.872,1.922]],"c":false}]},{"i":{"x":0.745,"y":1},"o":{"x":0.333,"y":0},"t":11,"s":[{"i":[[0,0],[9.355,2.367],[0.958,2.813],[0.041,3.108],[-3.757,0.784],[0.619,-7.184]],"o":[[-7.495,0.158],[-3.008,-0.761],[-0.79,-2.319],[-0.043,-3.244],[3.097,-0.646],[0,0]],"v":[[12.788,5.354],[-5.995,9.499],[-14.714,4.057],[-16.96,-3.268],[-11.851,-11.366],[-5.872,-5.328]],"c":false}]},{"t":13.0000005295009,"s":[{"i":[[0,0],[6.614,3.528],[-2.824,5.291],[-4.232,-2.259],[1.806,-3.386],[2.709,1.446]],"o":[[-7.495,0.158],[-5.291,-2.824],[2.258,-4.233],[3.387,1.807],[-1.445,2.709],[0,0]],"v":[[12.788,5.354],[-5.495,8.499],[-9.964,-6.193],[1.79,-9.768],[4.65,-0.366],[-2.872,1.922]],"c":false}]}],"ix":2},"nm":"Path 1","mn":"ADBE Vector Shape - Group","hd":false},{"ty":"st","c":{"a":0,"k":[0.043000000598,0.277999997606,0.525,1],"ix":3},"o":{"a":0,"k":100,"ix":4},"w":{"a":0,"k":5,"ix":5},"lc":1,"lj":1,"ml":10,"bm":0,"nm":"Stroke 1","mn":"ADBE Vector Graphic - Stroke","hd":false},{"ty":"tr","p":{"a":0,"k":[36.004,157.262],"ix":2},"a":{"a":0,"k":[0,0],"ix":1},"s":{"a":0,"k":[100,100],"ix":3},"r":{"a":0,"k":0,"ix":6},"o":{"a":0,"k":100,"ix":7},"sk":{"a":0,"k":0,"ix":4},"sa":{"a":0,"k":0,"ix":5},"nm":"Transform"}],"nm":"tal-ico03","np":2,"cix":2,"bm":0,"ix":2,"mn":"ADBE Vector Group","hd":false},{"ty":"gr","it":[{"ind":0,"ty":"sh","ix":1,"ks":{"a":0,"k":{"i":[[-3.994,0],[0,-3.993],[3.994,0],[0,3.995]],"o":[[3.994,0],[0,3.995],[-3.994,0],[0,-3.993]],"v":[[0,-7.231],[7.231,-0.001],[0,7.231],[-7.231,-0.001]],"c":true},"ix":2},"nm":"Path 1","mn":"ADBE Vector Shape - Group","hd":false},{"ty":"fl","c":{"a":0,"k":[0.043000000598,0.277999997606,0.525,1],"ix":4},"o":{"a":0,"k":100,"ix":5},"r":1,"bm":0,"nm":"Fill 1","mn":"ADBE Vector Graphic - Fill","hd":false},{"ty":"tr","p":{"a":0,"k":[207.557,149.204],"ix":2},"a":{"a":0,"k":[0,0],"ix":1},"s":{"a":0,"k":[100,100],"ix":3},"r":{"a":0,"k":0,"ix":6},"o":{"a":0,"k":100,"ix":7},"sk":{"a":0,"k":0,"ix":4},"sa":{"a":0,"k":0,"ix":5},"nm":"Transform"}],"nm":"eye-ico03","np":2,"cix":2,"bm":0,"ix":3,"mn":"ADBE Vector Group","hd":false},{"ty":"gr","it":[{"ind":0,"ty":"sh","ix":1,"ks":{"a":1,"k":[{"i":{"x":0.352,"y":1},"o":{"x":0.333,"y":0},"t":12,"s":[{"i":[[-51.914,0],[-14.968,-9.397],[0,0],[-15.832,2.328],[0,0],[1.168,-13.441],[-17.26,-9.33],[-2.259,0],[-0.863,0],[0,-2.211],[0,-6.999],[2.577,-2.577],[9.534,-3.177],[0.887,-0.808],[19.043,-13.216],[1.785,-0.96],[2.095,0],[4.932,0],[1.265,0.001],[0.009,-0.002],[14.826,0],[11.131,2.916],[0.008,0],[2.18,0],[0,0],[3.003,2.382],[0,22.561]],"o":[[20.267,0],[0,0],[0.116,0],[0,0],[0.419,-0.001],[-0.933,10.73],[2.051,1.109],[0.973,0],[2.582,0],[0,11.601],[0,2.055],[-0.922,0.921],[-4.861,1.62],[-9.112,8.302],[-3.091,2.144],[-1.245,0.668],[-2.983,0],[-2.316,0],[-0.009,0],[-6.084,1.333],[-10.153,0],[-0.007,-0.002],[-1.043,-0.003],[0,0],[-3.927,0],[-18.11,-14.373],[0,-43.545]],"v":[[-10.73,-86.273],[43.656,-71.745],[43.657,-71.745],[73.938,-85.34],[73.942,-85.34],[66.009,-57.815],[90.733,-19.56],[97.48,-18.285],[100.256,-18.316],[104.728,-15.829],[103.728,5.435],[100.929,14.299],[78.855,18.504],[98.439,23.81],[58.078,54.618],[46.416,85.409],[41.429,86.273],[29.622,85.874],[23.118,67.21],[23.091,67.214],[-11.896,70.946],[-39.743,66.845],[-39.765,66.843],[-45.951,85.875],[-61.811,85.875],[-75.806,49.954],[-104.728,-7.429]],"c":true}]},{"i":{"x":0.316,"y":1},"o":{"x":0.155,"y":0},"t":16,"s":[{"i":[[-51.914,0],[-14.968,-9.397],[0,0],[-15.832,2.328],[0,0],[1.168,-13.441],[-17.26,-9.33],[-2.259,0],[-0.863,0],[0,-2.211],[0,-6.999],[2.577,-2.577],[9.534,-3.177],[0.887,-0.808],[19.043,-13.216],[1.785,-0.96],[2.095,0],[4.932,0],[1.265,0.001],[0.009,-0.002],[14.826,0],[11.131,2.916],[0.008,0],[2.18,0],[0,0],[3.003,2.382],[0,22.561]],"o":[[20.267,0],[0,0],[0.116,0],[0,0],[0.419,-0.001],[-0.933,10.73],[2.051,1.109],[0.973,0],[2.582,0],[0,11.601],[0,2.055],[-0.922,0.921],[-4.861,1.62],[-9.112,8.302],[-3.091,2.144],[-1.245,0.668],[-2.983,0],[-2.316,0],[-0.009,0],[-6.084,1.333],[-10.153,0],[-0.007,-0.002],[-1.043,-0.003],[0,0],[-3.927,0],[-18.11,-14.373],[0,-43.545]],"v":[[-10.73,-86.273],[48.313,-67.495],[48.069,-67.245],[78.35,-80.84],[78.599,-81.09],[70.421,-53.315],[90.733,-19.56],[97.48,-18.285],[100.256,-18.316],[104.728,-15.829],[103.728,5.435],[100.929,14.299],[78.855,18.504],[98.439,23.81],[58.078,54.618],[46.416,85.409],[41.429,86.273],[29.622,85.874],[23.118,67.21],[23.091,67.214],[-11.896,70.946],[-35.821,62.845],[-39.765,66.843],[-42.029,81.875],[-57.889,81.875],[-71.884,45.954],[-104.728,-7.429]],"c":true}]},{"t":23.0000009368092,"s":[{"i":[[-51.914,0],[-14.968,-9.397],[0,0],[-15.832,2.328],[0,0],[1.168,-13.441],[-17.26,-9.33],[-2.259,0],[-0.863,0],[0,-2.211],[0,-6.999],[2.577,-2.577],[9.534,-3.177],[0.887,-0.808],[19.043,-13.216],[1.785,-0.96],[2.095,0],[4.932,0],[1.265,0.001],[0.009,-0.002],[14.826,0],[11.131,2.916],[0.008,0],[2.18,0],[0,0],[3.003,2.382],[0,22.561]],"o":[[20.267,0],[0,0],[0.116,0],[0,0],[0.419,-0.001],[-0.933,10.73],[2.051,1.109],[0.973,0],[2.582,0],[0,11.601],[0,2.055],[-0.922,0.921],[-4.861,1.62],[-9.112,8.302],[-3.091,2.144],[-1.245,0.668],[-2.983,0],[-2.316,0],[-0.009,0],[-6.084,1.333],[-10.153,0],[-0.007,-0.002],[-1.043,-0.003],[0,0],[-3.927,0],[-18.11,-14.373],[0,-43.545]],"v":[[-10.73,-86.273],[43.656,-71.745],[43.657,-71.745],[73.938,-85.34],[73.942,-85.34],[66.009,-57.815],[90.733,-19.56],[97.48,-18.285],[100.256,-18.316],[104.728,-15.829],[103.728,5.435],[100.929,14.299],[78.855,18.504],[98.439,23.81],[58.078,54.618],[46.416,85.409],[41.429,86.273],[29.622,85.874],[23.118,67.21],[23.091,67.214],[-11.896,70.946],[-39.743,66.845],[-39.765,66.843],[-45.951,85.875],[-61.811,85.875],[-75.806,49.954],[-104.728,-7.429]],"c":true}]}],"ix":2},"nm":"Path 1","mn":"ADBE Vector Shape - Group","hd":false},{"ty":"st","c":{"a":0,"k":[0.043000000598,0.277999997606,0.525,1],"ix":3},"o":{"a":0,"k":100,"ix":4},"w":{"a":0,"k":5,"ix":5},"lc":1,"lj":1,"ml":10,"bm":0,"nm":"Stroke 1","mn":"ADBE Vector Graphic - Stroke","hd":false},{"ty":"fl","c":{"a":0,"k":[1,1,1,1],"ix":4},"o":{"a":0,"k":100,"ix":5},"r":1,"bm":0,"nm":"Fill 1","mn":"ADBE Vector Graphic - Fill","hd":false},{"ty":"tr","p":{"a":0,"k":[155.182,174.659],"ix":2},"a":{"a":0,"k":[0,0],"ix":1},"s":{"a":0,"k":[100,100],"ix":3},"r":{"a":0,"k":0,"ix":6},"o":{"a":0,"k":100,"ix":7},"sk":{"a":0,"k":0,"ix":4},"sa":{"a":0,"k":0,"ix":5},"nm":"Transform"}],"nm":"body-ico03","np":3,"cix":2,"bm":0,"ix":4,"mn":"ADBE Vector Group","hd":false}],"ip":0,"op":35.0000014255792,"st":0,"bm":0}],"markers":[]}