{"v":"5.5.4","fr":29.9700012207031,"ip":0,"op":35.0000014255792,"w":300,"h":290,"nm":"i07-iconSet-6th","ddd":0,"assets":[],"fonts":{"list":[{"fName":"Teko-Bold","fFamily":"Teko","fStyle":"Bold","ascent":66.8991088867188}]},"layers":[{"ddd":0,"ind":1,"ty":4,"nm":"mask","td":1,"sr":1,"ks":{"o":{"a":0,"k":100,"ix":11},"r":{"a":0,"k":0,"ix":10},"p":{"a":0,"k":[150,145,0],"ix":2},"a":{"a":0,"k":[0,0,0],"ix":1},"s":{"a":0,"k":[100,100,100],"ix":6}},"ao":0,"shapes":[{"ty":"gr","it":[{"ty":"rc","d":1,"s":{"a":0,"k":[16.875,20.375],"ix":2},"p":{"a":0,"k":[0,0],"ix":3},"r":{"a":0,"k":0,"ix":4},"nm":"Rectangle Path 1","mn":"ADBE Vector Shape - Rect","hd":false},{"ty":"fl","c":{"a":0,"k":[1,0,0,1],"ix":4},"o":{"a":0,"k":100,"ix":5},"r":1,"bm":0,"nm":"Fill 1","mn":"ADBE Vector Graphic - Fill","hd":false},{"ty":"tr","p":{"a":0,"k":[25.438,-66.688],"ix":2},"a":{"a":0,"k":[0,0],"ix":1},"s":{"a":0,"k":[100,104.848],"ix":3},"r":{"a":0,"k":0,"ix":6},"o":{"a":0,"k":100,"ix":7},"sk":{"a":0,"k":0,"ix":4},"sa":{"a":0,"k":0,"ix":5},"nm":"Transform"}],"nm":"Rectangle 1","np":3,"cix":2,"bm":0,"ix":1,"mn":"ADBE Vector Group","hd":false}],"ip":0,"op":35.0000014255792,"st":0,"bm":0},{"ddd":0,"ind":2,"ty":5,"nm":"5 1 2 3 4 5","tt":1,"sr":1,"ks":{"o":{"a":0,"k":100,"ix":11},"r":{"a":0,"k":0,"ix":10},"p":{"a":1,"k":[{"i":{"x":0.833,"y":0.833},"o":{"x":0.167,"y":0.039},"t":1,"s":[168,86,0],"to":[0,-20.5,0],"ti":[0,20,0]},{"i":{"x":0.833,"y":0.833},"o":{"x":0.167,"y":0.292},"t":12,"s":[168,-37,0],"to":[0,-20,0],"ti":[0,-0.5,0]},{"t":14.0000005702317,"s":[168,-34,0]}],"ix":2},"a":{"a":0,"k":[0,0,0],"ix":1},"s":{"a":0,"k":[100,100,100],"ix":6}},"ao":0,"t":{"d":{"k":[{"s":{"s":20,"f":"Teko-Bold","t":"5\r1\r2\r3\r4\r5","j":0,"tr":0,"lh":24,"ls":0,"fc":[0.043,0.278,0.525]},"t":0}]},"p":{},"m":{"g":1,"a":{"a":0,"k":[0,0],"ix":2}},"a":[]},"ip":0,"op":35.0000014255792,"st":0,"bm":0},{"ddd":0,"ind":3,"ty":5,"nm":"Age 6","sr":1,"ks":{"o":{"a":0,"k":100,"ix":11},"r":{"a":0,"k":0,"ix":10},"p":{"a":0,"k":[123,86,0],"ix":2},"a":{"a":0,"k":[0,0,0],"ix":1},"s":{"a":0,"k":[100,100,100],"ix":6}},"ao":0,"t":{"d":{"k":[{"s":{"s":20,"f":"Teko-Bold","t":"Age 6","j":0,"tr":0,"lh":24,"ls":0,"fc":[0.043,0.278,0.525]},"t":0}]},"p":{},"m":{"g":1,"a":{"a":0,"k":[0,0],"ix":2}},"a":[]},"ip":0,"op":35.0000014255792,"st":0,"bm":0},{"ddd":0,"ind":4,"ty":4,"nm":"i07-iconSet-6th Outlines","sr":1,"ks":{"o":{"a":0,"k":100,"ix":11},"r":{"a":0,"k":0,"ix":10},"p":{"a":0,"k":[150,145,0],"ix":2},"a":{"a":0,"k":[150,145,0],"ix":1},"s":{"a":0,"k":[100,100,100],"ix":6}},"ao":0,"shapes":[{"ty":"gr","it":[{"ind":0,"ty":"sh","ix":1,"ks":{"a":0,"k":{"i":[[1.571,0.525],[0,0],[0,0],[0.924,1.375],[1.375,-0.923],[0,0],[0,0],[1.654,0.09],[0.09,-1.654],[0,0],[0,0],[0,0],[1.654,0.09],[0.09,-1.654],[0,0],[0,0],[-0.924,-1.375],[-0.966,0],[-0.513,0.345],[0,0],[-0.057,-0.019],[0,0],[-0.316,0],[-0.42,1.255],[1.571,0.525],[0,0],[0,0],[-0.078,-0.027],[0,0],[-0.316,0],[-0.42,1.255]],"o":[[0,0],[0,0],[1.376,-0.925],[-0.925,-1.374],[0,0],[0,0],[0.09,-1.654],[-1.665,-0.116],[0,0],[0,0],[0,0],[0.09,-1.654],[-1.666,-0.114],[0,0],[0,0],[-1.376,0.925],[0.579,0.861],[0.575,0],[0,0],[0.055,0.023],[0,0],[0.316,0.106],[1.255,0],[0.525,-1.571],[0,0],[0,0],[0.074,0.031],[0,0],[0.316,0.106],[1.255,0],[0.525,-1.571]],"v":[[41.974,-9.054],[29.763,-13.141],[36.401,-17.602],[37.218,-21.766],[33.055,-22.582],[27.017,-18.525],[27.67,-30.517],[24.838,-33.675],[21.679,-30.843],[20.78,-14.332],[14.957,-10.419],[15.67,-23.517],[12.838,-26.675],[9.679,-23.843],[8.72,-6.227],[-42.651,28.3],[-43.468,32.465],[-40.975,33.791],[-39.305,33.281],[11.562,-0.908],[11.723,-0.835],[28.07,4.635],[29.022,4.792],[31.867,2.743],[29.974,-1.054],[17.828,-5.118],[23.504,-8.934],[23.723,-8.835],[40.07,-3.365],[41.022,-3.208],[43.867,-5.257]],"c":true},"ix":2},"nm":"Path 1","mn":"ADBE Vector Shape - Group","hd":false},{"ty":"fl","c":{"a":0,"k":[0.043000000598,0.277999997606,0.525,1],"ix":4},"o":{"a":0,"k":100,"ix":5},"r":1,"bm":0,"nm":"Fill 1","mn":"ADBE Vector Graphic - Fill","hd":false},{"ty":"tr","p":{"a":1,"k":[{"i":{"x":0.833,"y":0.833},"o":{"x":0.395,"y":0.395},"t":0,"s":[216,120],"to":[0,0],"ti":[0,0]},{"i":{"x":0.833,"y":0.833},"o":{"x":0.342,"y":1},"t":1,"s":[216,120],"to":[-4.167,3.167],"ti":[4.167,-3.167]},{"i":{"x":0.833,"y":0.833},"o":{"x":0.167,"y":0.167},"t":12,"s":[191,139],"to":[0,0],"ti":[0,0]},{"i":{"x":0.833,"y":0.833},"o":{"x":0.167,"y":0.167},"t":32,"s":[191,139],"to":[4.167,-3.167],"ti":[-4.167,3.167]},{"t":33.0000013441176,"s":[216,120]}],"ix":2},"a":{"a":0,"k":[0,0],"ix":1},"s":{"a":0,"k":[100,100],"ix":3},"r":{"a":0,"k":0,"ix":6},"o":{"a":0,"k":100,"ix":7},"sk":{"a":0,"k":0,"ix":4},"sa":{"a":0,"k":0,"ix":5},"nm":"Transform"}],"nm":"Group 1","np":2,"cix":2,"bm":0,"ix":1,"mn":"ADBE Vector Group","hd":false},{"ty":"gr","it":[{"ind":0,"ty":"sh","ix":1,"ks":{"a":0,"k":{"i":[[1.053,0],[1.061,1.583],[-2.523,1.692],[0,0],[-1.691,-2.523],[2.522,-1.692],[0,0]],"o":[[-1.772,0],[-1.692,-2.523],[0,0],[2.523,-1.69],[1.692,2.523],[0,0],[-0.941,0.63]],"v":[[-21.245,20.13],[-25.818,17.691],[-24.313,10.061],[18.187,-18.439],[25.818,-16.934],[24.314,-9.303],[-18.186,19.196]],"c":true},"ix":2},"nm":"Path 1","mn":"ADBE Vector Shape - Group","hd":false},{"ty":"fl","c":{"a":0,"k":[1,1,1,1],"ix":4},"o":{"a":0,"k":100,"ix":5},"r":1,"bm":0,"nm":"Fill 1","mn":"ADBE Vector Graphic - Fill","hd":false},{"ty":"tr","p":{"a":1,"k":[{"i":{"x":0.833,"y":0.833},"o":{"x":0.167,"y":0.167},"t":0,"s":[192.25,139.372],"to":[0,0],"ti":[0,0]},{"i":{"x":0.833,"y":0.833},"o":{"x":0.167,"y":0.459},"t":1,"s":[192.25,139.372],"to":[-3.5,2.667],"ti":[3.5,-2.667]},{"i":{"x":0.833,"y":0.833},"o":{"x":0.167,"y":0.167},"t":12,"s":[171.25,155.372],"to":[0,0],"ti":[0,0]},{"i":{"x":0.833,"y":0.833},"o":{"x":0.167,"y":0.167},"t":32,"s":[171.25,155.372],"to":[3.5,-2.667],"ti":[-3.5,2.667]},{"t":33.0000013441176,"s":[192.25,139.372]}],"ix":2},"a":{"a":0,"k":[0,0],"ix":1},"s":{"a":0,"k":[100,100],"ix":3},"r":{"a":0,"k":0,"ix":6},"o":{"a":0,"k":100,"ix":7},"sk":{"a":0,"k":0,"ix":4},"sa":{"a":0,"k":0,"ix":5},"nm":"Transform"}],"nm":"Group 2","np":2,"cix":2,"bm":0,"ix":2,"mn":"ADBE Vector Group","hd":false},{"ty":"gr","it":[{"ind":0,"ty":"sh","ix":1,"ks":{"a":0,"k":{"i":[[0,-9.665],[9.665,0],[0,9.665],[-9.665,0]],"o":[[0,9.665],[-9.665,0],[0,-9.665],[9.665,0]],"v":[[17.5,0],[0,17.5],[-17.5,0],[0,-17.5]],"c":true},"ix":2},"nm":"Path 1","mn":"ADBE Vector Shape - Group","hd":false},{"ty":"fl","c":{"a":0,"k":[0.086000001197,0.282000014361,0.522000002394,1],"ix":4},"o":{"a":0,"k":100,"ix":5},"r":1,"bm":0,"nm":"Fill 1","mn":"ADBE Vector Graphic - Fill","hd":false},{"ty":"tr","p":{"a":0,"k":[149.5,169.5],"ix":2},"a":{"a":0,"k":[0,0],"ix":1},"s":{"a":1,"k":[{"i":{"x":[0.833,0.833],"y":[0.833,0.833]},"o":{"x":[0.406,0.406],"y":[0.069,0.069]},"t":8,"s":[100,100]},{"i":{"x":[0.833,0.833],"y":[0.833,0.833]},"o":{"x":[0.326,0.326],"y":[0.732,0.732]},"t":12,"s":[115,115]},{"t":18.000000733155,"s":[100,100]}],"ix":3},"r":{"a":0,"k":0,"ix":6},"o":{"a":1,"k":[{"i":{"x":[0.833],"y":[0.833]},"o":{"x":[0.406],"y":[0.616]},"t":8,"s":[100]},{"i":{"x":[0.833],"y":[0.833]},"o":{"x":[0.326],"y":[0.072]},"t":12,"s":[76]},{"t":18.000000733155,"s":[100]}],"ix":7},"sk":{"a":0,"k":0,"ix":4},"sa":{"a":0,"k":0,"ix":5},"nm":"Transform"}],"nm":"Group 3","np":2,"cix":2,"bm":0,"ix":3,"mn":"ADBE Vector Group","hd":false},{"ty":"gr","it":[{"ind":0,"ty":"sh","ix":1,"ks":{"a":0,"k":{"i":[[26.191,0],[0,-26.191],[-26.191,0],[0,26.191]],"o":[[-26.191,0],[0,26.191],[26.191,0],[0,-26.191]],"v":[[0,-47.5],[-47.5,0],[0,47.5],[47.5,0]],"c":true},"ix":2},"nm":"Path 1","mn":"ADBE Vector Shape - Group","hd":false},{"ind":1,"ty":"sh","ix":2,"ks":{"a":0,"k":{"i":[[-22.92,0],[0,-22.92],[22.92,0],[0,22.92]],"o":[[22.92,0],[0,22.92],[-22.92,0],[0,-22.92]],"v":[[0,-41.5],[41.5,0],[0,41.5],[-41.5,0]],"c":true},"ix":2},"nm":"Path 2","mn":"ADBE Vector Shape - Group","hd":false},{"ty":"mm","mm":1,"nm":"Merge Paths 1","mn":"ADBE Vector Filter - Merge","hd":false},{"ty":"fl","c":{"a":0,"k":[0.043000000598,0.277999997606,0.525,1],"ix":4},"o":{"a":0,"k":100,"ix":5},"r":1,"bm":0,"nm":"Fill 1","mn":"ADBE Vector Graphic - Fill","hd":false},{"ty":"tr","p":{"a":0,"k":[149.5,169.5],"ix":2},"a":{"a":0,"k":[0,0],"ix":1},"s":{"a":1,"k":[{"i":{"x":[0.833,0.833],"y":[0.833,0.833]},"o":{"x":[0.534,0.534],"y":[-1.779,-1.779]},"t":12,"s":[100,100]},{"i":{"x":[0.833,0.833],"y":[0.833,0.833]},"o":{"x":[0.167,0.167],"y":[0.167,0.167]},"t":18,"s":[103,103]},{"t":22.0000008960784,"s":[100,100]}],"ix":3},"r":{"a":0,"k":0,"ix":6},"o":{"a":1,"k":[{"i":{"x":[0.833],"y":[0.833]},"o":{"x":[0.534],"y":[1.227]},"t":12,"s":[100]},{"i":{"x":[0.833],"y":[0.833]},"o":{"x":[0.167],"y":[0.167]},"t":18,"s":[90]},{"t":22.0000008960784,"s":[100]}],"ix":7},"sk":{"a":0,"k":0,"ix":4},"sa":{"a":0,"k":0,"ix":5},"nm":"Transform"}],"nm":"Group 4","np":4,"cix":2,"bm":0,"ix":4,"mn":"ADBE Vector Group","hd":false},{"ty":"gr","it":[{"ind":0,"ty":"sh","ix":1,"ks":{"a":0,"k":{"i":[[0,0],[0,0]],"o":[[0,0],[0,0]],"v":[[240,99],[60,99]],"c":false},"ix":2},"nm":"Path 1","mn":"ADBE Vector Shape - Group","hd":false},{"ty":"st","c":{"a":0,"k":[0.043000000598,0.277999997606,0.525,1],"ix":3},"o":{"a":0,"k":100,"ix":4},"w":{"a":0,"k":6,"ix":5},"lc":2,"lj":1,"ml":10,"bm":0,"nm":"Stroke 1","mn":"ADBE Vector Graphic - Stroke","hd":false},{"ty":"tr","p":{"a":0,"k":[0,0],"ix":2},"a":{"a":0,"k":[0,0],"ix":1},"s":{"a":0,"k":[100,100],"ix":3},"r":{"a":0,"k":0,"ix":6},"o":{"a":0,"k":100,"ix":7},"sk":{"a":0,"k":0,"ix":4},"sa":{"a":0,"k":0,"ix":5},"nm":"Transform"}],"nm":"Group 5","np":2,"cix":2,"bm":0,"ix":5,"mn":"ADBE Vector Group","hd":false},{"ty":"gr","it":[{"ind":0,"ty":"sh","ix":1,"ks":{"a":0,"k":{"i":[[0,0],[0,0]],"o":[[0,0],[0,0]],"v":[[192,45],[192,71]],"c":false},"ix":2},"nm":"Path 1","mn":"ADBE Vector Shape - Group","hd":false},{"ty":"st","c":{"a":0,"k":[0.043000000598,0.277999997606,0.525,1],"ix":3},"o":{"a":0,"k":100,"ix":4},"w":{"a":0,"k":6,"ix":5},"lc":2,"lj":1,"ml":10,"bm":0,"nm":"Stroke 1","mn":"ADBE Vector Graphic - Stroke","hd":false},{"ty":"tr","p":{"a":0,"k":[0,0],"ix":2},"a":{"a":0,"k":[0,0],"ix":1},"s":{"a":0,"k":[100,100],"ix":3},"r":{"a":0,"k":0,"ix":6},"o":{"a":0,"k":100,"ix":7},"sk":{"a":0,"k":0,"ix":4},"sa":{"a":0,"k":0,"ix":5},"nm":"Transform"}],"nm":"Group 6","np":2,"cix":2,"bm":0,"ix":6,"mn":"ADBE Vector Group","hd":false},{"ty":"gr","it":[{"ind":0,"ty":"sh","ix":1,"ks":{"a":0,"k":{"i":[[0,0],[0,0]],"o":[[0,0],[0,0]],"v":[[107,45],[107,71]],"c":false},"ix":2},"nm":"Path 1","mn":"ADBE Vector Shape - Group","hd":false},{"ty":"st","c":{"a":0,"k":[0.043000000598,0.277999997606,0.525,1],"ix":3},"o":{"a":0,"k":100,"ix":4},"w":{"a":0,"k":6,"ix":5},"lc":2,"lj":1,"ml":10,"bm":0,"nm":"Stroke 1","mn":"ADBE Vector Graphic - Stroke","hd":false},{"ty":"tr","p":{"a":0,"k":[0,0],"ix":2},"a":{"a":0,"k":[0,0],"ix":1},"s":{"a":0,"k":[100,100],"ix":3},"r":{"a":0,"k":0,"ix":6},"o":{"a":0,"k":100,"ix":7},"sk":{"a":0,"k":0,"ix":4},"sa":{"a":0,"k":0,"ix":5},"nm":"Transform"}],"nm":"Group 7","np":2,"cix":2,"bm":0,"ix":7,"mn":"ADBE Vector Group","hd":false},{"ty":"gr","it":[{"ind":0,"ty":"sh","ix":1,"ks":{"a":0,"k":{"i":[[0,0],[0,0],[0,0],[0,0]],"o":[[0,0],[0,0],[0,0],[0,0]],"v":[[-37.25,3],[37.25,3],[37.25,-3],[-37.25,-3]],"c":true},"ix":2},"nm":"Path 1","mn":"ADBE Vector Shape - Group","hd":false},{"ty":"fl","c":{"a":0,"k":[0.043000000598,0.277999997606,0.525,1],"ix":4},"o":{"a":0,"k":100,"ix":5},"r":1,"bm":0,"nm":"Fill 1","mn":"ADBE Vector Graphic - Fill","hd":false},{"ty":"tr","p":{"a":0,"k":[149.75,59],"ix":2},"a":{"a":0,"k":[0,0],"ix":1},"s":{"a":0,"k":[100,100],"ix":3},"r":{"a":0,"k":0,"ix":6},"o":{"a":0,"k":100,"ix":7},"sk":{"a":0,"k":0,"ix":4},"sa":{"a":0,"k":0,"ix":5},"nm":"Transform"}],"nm":"Group 8","np":2,"cix":2,"bm":0,"ix":8,"mn":"ADBE Vector Group","hd":false},{"ty":"gr","it":[{"ind":0,"ty":"sh","ix":1,"ks":{"a":0,"k":{"i":[[7.006,0],[0,0],[0,0],[0,0],[0,-3.704],[0,0],[3.704,0],[0,0],[0,3.704],[0,0],[-3.704,0],[0,0],[0,0],[0,0],[0,-7.006],[0,0],[-7.006,0],[0,0],[0,7.006],[0,0]],"o":[[0,0],[0,0],[0,0],[3.704,0],[0,0],[0,3.704],[0,0],[-3.704,0],[0,0],[0,-3.704],[0,0],[0,0],[0,0],[-7.006,0],[0,0],[0,7.006],[0,0],[7.006,0],[0,0],[0,-7.006]],"v":[[80.794,-92],[47.5,-92],[47.5,-86],[80.794,-86],[87.5,-79.294],[87.5,79.294],[80.794,86],[-80.794,86],[-87.5,79.294],[-87.5,-79.294],[-80.794,-86],[-48,-86],[-48,-92],[-80.794,-92],[-93.5,-79.294],[-93.5,79.294],[-80.794,92],[80.794,92],[93.5,79.294],[93.5,-79.294]],"c":true},"ix":2},"nm":"Path 1","mn":"ADBE Vector Shape - Group","hd":false},{"ty":"fl","c":{"a":0,"k":[0.043000000598,0.277999997606,0.525,1],"ix":4},"o":{"a":0,"k":100,"ix":5},"r":1,"bm":0,"nm":"Fill 1","mn":"ADBE Vector Graphic - Fill","hd":false},{"ty":"tr","p":{"a":0,"k":[149.5,148],"ix":2},"a":{"a":0,"k":[0,0],"ix":1},"s":{"a":0,"k":[100,100],"ix":3},"r":{"a":0,"k":0,"ix":6},"o":{"a":0,"k":100,"ix":7},"sk":{"a":0,"k":0,"ix":4},"sa":{"a":0,"k":0,"ix":5},"nm":"Transform"}],"nm":"Group 9","np":2,"cix":2,"bm":0,"ix":9,"mn":"ADBE Vector Group","hd":false}],"ip":0,"op":35.0000014255792,"st":0,"bm":0}],"markers":[],"chars":[{"ch":"A","size":20,"style":"Bold","w":54.3,"data":{"shapes":[{"ty":"gr","it":[{"ind":0,"ty":"sh","ix":1,"ks":{"a":0,"k":{"i":[[0,0],[0,0],[0,0]],"o":[[0,0],[0,0],[0,0]],"v":[[22.156,-22.156],[27.292,-45.419],[32.227,-22.156]],"c":true},"ix":2},"nm":"A","mn":"ADBE Vector Shape - Group","hd":false},{"ind":1,"ty":"sh","ix":2,"ks":{"a":0,"k":{"i":[[0,0],[0,0],[0,0],[0,0],[0,0],[0,0],[0,0],[0,0]],"o":[[0,0],[0,0],[0,0],[0,0],[0,0],[0,0],[0,0],[0,0]],"v":[[36.96,0],[54.684,0],[38.068,-64.655],[16.617,-64.655],[0,0],[17.322,0],[19.437,-9.668],[34.946,-9.668]],"c":true},"ix":2},"nm":"A","mn":"ADBE Vector Shape - Group","hd":false}],"nm":"A","np":5,"cix":2,"bm":0,"ix":1,"mn":"ADBE Vector Group","hd":false}]},"fFamily":"Teko"},{"ch":"g","size":20,"style":"Bold","w":47.9,"data":{"shapes":[{"ty":"gr","it":[{"ind":0,"ty":"sh","ix":1,"ks":{"a":0,"k":{"i":[[0,0],[0,1.511],[0,0],[-1.712,0],[0,0],[0,-2.115],[0,0],[1.813,0]],"o":[[-1.712,0],[0,0],[0,-1.511],[0,0],[1.813,0],[0,0],[0,2.115],[0,0]],"v":[[22.659,-15.61],[20.142,-17.825],[20.142,-35.449],[22.659,-37.665],[24.371,-37.665],[27.09,-34.644],[27.09,-18.631],[24.371,-15.61]],"c":true},"ix":2},"nm":"g","mn":"ADBE Vector Shape - Group","hd":false},{"ind":1,"ty":"sh","ix":2,"ks":{"a":0,"k":{"i":[[0,0],[0,0],[5.237,0],[0,0],[0,-7.553],[0,0],[-9.567,0],[0,0],[-1.208,3.424],[0,0],[1.712,0],[0,0],[0,0],[0,0],[0,7.553],[0,0]],"o":[[0,0],[-0.906,-4.028],[0,0],[-9.567,0],[0,0],[0,7.553],[0,0],[4.733,0],[0,0],[0,1.511],[0,0],[0,0],[0,0],[10.776,0],[0,0],[0,0]],"v":[[27.393,-50.253],[27.393,-43.808],[18.228,-50.253],[16.415,-50.253],[3.021,-37.766],[3.021,-15.509],[16.415,-3.021],[18.228,-3.021],[27.09,-8.459],[27.09,-1.309],[24.573,0.906],[5.338,0.906],[5.338,12.991],[29.407,12.991],[44.211,0.504],[44.211,-50.253]],"c":true},"ix":2},"nm":"g","mn":"ADBE Vector Shape - Group","hd":false}],"nm":"g","np":5,"cix":2,"bm":0,"ix":1,"mn":"ADBE Vector Group","hd":false}]},"fFamily":"Teko"},{"ch":"e","size":20,"style":"Bold","w":47.1,"data":{"shapes":[{"ty":"gr","it":[{"ind":0,"ty":"sh","ix":1,"ks":{"a":0,"k":{"i":[[0,0],[0,0],[-1.712,0],[0,0],[0,-1.511],[0,0]],"o":[[0,0],[0,-1.511],[0,0],[1.712,0],[0,0],[0,0]],"v":[[19.235,-29.91],[19.235,-36.255],[21.753,-38.47],[26.184,-38.47],[28.702,-36.255],[28.702,-29.91]],"c":true},"ix":2},"nm":"e","mn":"ADBE Vector Shape - Group","hd":false},{"ind":1,"ty":"sh","ix":2,"ks":{"a":0,"k":{"i":[[0,0],[0,-7.553],[0,0],[-10.776,0],[0,0],[0,7.553],[0,0],[0,0],[0,0],[1.712,0],[0,0],[0,1.511],[0,0],[0,0],[0,0],[10.776,0]],"o":[[-10.776,0],[0,0],[0,7.553],[0,0],[10.776,0],[0,0],[0,0],[0,0],[0,1.511],[0,0],[-1.712,0],[0,0],[0,0],[0,0],[0,-7.553],[0,0]],"v":[[17.825,-50.253],[3.021,-37.766],[3.021,-12.488],[17.825,0],[30.112,0],[44.916,-12.488],[44.916,-17.02],[28.702,-17.02],[28.702,-14.2],[26.184,-11.783],[21.753,-11.783],[19.235,-13.998],[19.235,-20.645],[44.916,-20.645],[44.916,-37.766],[30.112,-50.253]],"c":true},"ix":2},"nm":"e","mn":"ADBE Vector Shape - Group","hd":false}],"nm":"e","np":5,"cix":2,"bm":0,"ix":1,"mn":"ADBE Vector Group","hd":false}]},"fFamily":"Teko"},{"ch":" ","size":20,"style":"Bold","w":20,"data":{},"fFamily":"Teko"},{"ch":"6","size":20,"style":"Bold","w":49.4,"data":{"shapes":[{"ty":"gr","it":[{"ind":0,"ty":"sh","ix":1,"ks":{"a":0,"k":{"i":[[0,0],[1.712,0],[0,0],[0,1.511],[0,0],[0,0],[0,-1.511]],"o":[[0,1.511],[0,0],[-1.712,0],[0,0],[0,0],[1.712,0],[0,0]],"v":[[29.608,-14.804],[27.09,-12.589],[23.364,-12.589],[20.847,-14.804],[20.847,-26.688],[27.09,-26.688],[29.608,-24.472]],"c":true},"ix":2},"nm":"6","mn":"ADBE Vector Shape - Group","hd":false},{"ind":1,"ty":"sh","ix":2,"ks":{"a":0,"k":{"i":[[0,0],[0,0],[-1.712,0],[0,0],[0,-1.511],[0,0],[0,0],[0,0],[10.776,0],[0,0],[0,-7.553],[0,0],[-10.776,0],[0,0],[0,7.553],[0,0],[10.776,0]],"o":[[0,0],[0,-1.511],[0,0],[1.712,0],[0,0],[0,0],[0,0],[0,-7.553],[0,0],[-10.776,0],[0,0],[0,7.553],[0,0],[10.776,0],[0,0],[0,-7.553],[0,0]],"v":[[20.847,-38.773],[20.847,-49.85],[23.364,-52.066],[26.083,-52.066],[28.601,-49.85],[28.601,-44.916],[45.721,-44.916],[45.721,-52.167],[30.917,-64.655],[18.53,-64.655],[3.726,-52.167],[3.726,-12.488],[18.53,0],[31.924,0],[46.729,-12.488],[46.729,-26.285],[31.924,-38.773]],"c":true},"ix":2},"nm":"6","mn":"ADBE Vector Shape - Group","hd":false}],"nm":"6","np":5,"cix":2,"bm":0,"ix":1,"mn":"ADBE Vector Group","hd":false}]},"fFamily":"Teko"},{"ch":"5","size":20,"style":"Bold","w":49.8,"data":{"shapes":[{"ty":"gr","it":[{"ind":0,"ty":"sh","ix":1,"ks":{"a":0,"k":{"i":[[0,0],[0,0],[0,0],[0,0],[0,0],[0,0],[0,0],[0,-1.511],[0,0],[1.712,0],[0,0],[0,1.511],[0,0],[0,0],[0,0],[-10.776,0],[0,0],[0,7.553],[0,0],[10.776,0]],"o":[[0,0],[0,0],[0,0],[0,0],[0,0],[0,0],[1.712,0],[0,0],[0,1.511],[0,0],[-1.712,0],[0,0],[0,0],[0,0],[0,7.553],[0,0],[10.776,0],[0,0],[0,-7.553],[0,0]],"v":[[22.156,-42.599],[22.156,-52.066],[46.124,-52.066],[46.124,-64.655],[4.834,-64.655],[4.834,-30.011],[27.292,-30.011],[29.81,-27.795],[29.81,-14.804],[27.292,-12.589],[24.17,-12.589],[21.652,-14.804],[21.652,-22.659],[4.028,-22.659],[4.028,-12.488],[18.832,0],[32.327,0],[47.131,-12.488],[47.131,-30.112],[32.327,-42.599]],"c":true},"ix":2},"nm":"5","mn":"ADBE Vector Shape - Group","hd":false}],"nm":"5","np":3,"cix":2,"bm":0,"ix":1,"mn":"ADBE Vector Group","hd":false}]},"fFamily":"Teko"},{"ch":"\r","size":20,"style":"Bold","w":0,"fFamily":"Teko"},{"ch":"1","size":20,"style":"Bold","w":32.3,"data":{"shapes":[{"ty":"gr","it":[{"ind":0,"ty":"sh","ix":1,"ks":{"a":0,"k":{"i":[[0,0],[0,0],[0,0],[0,0],[0,0],[0,0]],"o":[[0,0],[0,0],[0,0],[0,0],[0,0],[0,0]],"v":[[28.5,-64.655],[1.813,-64.655],[1.813,-52.066],[10.876,-52.066],[10.876,0],[28.5,0]],"c":true},"ix":2},"nm":"1","mn":"ADBE Vector Shape - Group","hd":false}],"nm":"1","np":3,"cix":2,"bm":0,"ix":1,"mn":"ADBE Vector Group","hd":false}]},"fFamily":"Teko"},{"ch":"2","size":20,"style":"Bold","w":46.9,"data":{"shapes":[{"ty":"gr","it":[{"ind":0,"ty":"sh","ix":1,"ks":{"a":0,"k":{"i":[[0,0],[-1.712,0],[0,0],[0,-1.511],[0,0],[4.028,-4.23],[0,0],[0,0],[0,0],[0,0],[0,0],[0,0],[0,7.05],[0,0],[10.776,0],[0,0],[0,-7.553],[0,0],[0,0]],"o":[[0,-1.511],[0,0],[1.712,0],[0,0],[0,4.431],[0,0],[0,0],[0,0],[0,0],[0,0],[0,0],[4.633,-5.136],[0,0],[0,-7.553],[0,0],[-10.776,0],[0,0],[0,0],[0,0]],"v":[[19.94,-49.85],[22.458,-52.066],[24.472,-52.066],[26.99,-49.85],[26.99,-43.002],[21.954,-32.025],[2.82,-11.481],[2.82,0],[44.312,0],[44.312,-12.589],[24.774,-12.589],[37.262,-26.587],[44.312,-42.902],[44.312,-52.167],[29.306,-64.655],[17.12,-64.655],[2.316,-52.167],[2.316,-42.499],[19.94,-42.499]],"c":true},"ix":2},"nm":"2","mn":"ADBE Vector Shape - Group","hd":false}],"nm":"2","np":3,"cix":2,"bm":0,"ix":1,"mn":"ADBE Vector Group","hd":false}]},"fFamily":"Teko"},{"ch":"3","size":20,"style":"Bold","w":47.7,"data":{"shapes":[{"ty":"gr","it":[{"ind":0,"ty":"sh","ix":1,"ks":{"a":0,"k":{"i":[[0,0],[-1.712,0],[0,0],[0,-1.511],[0,0],[1.712,0],[0,0],[0,0],[0,0],[0,-1.511],[0,0],[1.712,0],[0,0],[0,1.511],[0,0],[0,0],[0,0],[-10.776,0],[0,0],[0,7.553],[0,0],[3.928,1.712],[0,5.237],[0,0],[10.776,0],[0,0],[0,-7.553],[0,0],[0,0]],"o":[[0,-1.511],[0,0],[1.712,0],[0,0],[0,1.511],[0,0],[0,0],[0,0],[1.712,0],[0,0],[0,1.511],[0,0],[-1.712,0],[0,0],[0,0],[0,0],[0,7.553],[0,0],[10.776,0],[0,0],[0,-5.136],[3.928,-2.115],[0,0],[0,-7.553],[0,0],[-10.776,0],[0,0],[0,0],[0,0]],"v":[[20.142,-49.85],[22.659,-52.066],[24.673,-52.066],[27.191,-49.85],[27.191,-40.787],[24.673,-38.571],[16.516,-38.571],[16.516,-26.99],[24.673,-26.99],[27.191,-24.774],[27.191,-14.804],[24.673,-12.589],[22.659,-12.589],[20.142,-14.804],[20.142,-21.149],[2.518,-21.149],[2.518,-12.488],[17.322,0],[29.709,0],[44.513,-12.488],[44.513,-22.559],[39.679,-32.932],[44.513,-44.312],[44.513,-52.167],[29.709,-64.655],[17.322,-64.655],[2.518,-52.167],[2.518,-43.506],[20.142,-43.506]],"c":true},"ix":2},"nm":"3","mn":"ADBE Vector Shape - Group","hd":false}],"nm":"3","np":3,"cix":2,"bm":0,"ix":1,"mn":"ADBE Vector Group","hd":false}]},"fFamily":"Teko"},{"ch":"4","size":20,"style":"Bold","w":50.7,"data":{"shapes":[{"ty":"gr","it":[{"ind":0,"ty":"sh","ix":1,"ks":{"a":0,"k":{"i":[[0,0],[0,0],[0,0],[0,0],[0,0],[0,0],[0,0],[0,0],[0,0],[0,0],[0,0],[0,0],[0,0],[0,0],[0,0]],"o":[[0,0],[0,0],[0,0],[0,0],[0,0],[0,0],[0,0],[0,0],[0,0],[0,0],[0,0],[0,0],[0,0],[0,0],[0,0]],"v":[[51.059,-24.371],[44.211,-24.371],[44.211,-37.161],[27.695,-37.161],[27.695,-24.371],[17.02,-24.371],[43.002,-64.655],[25.278,-64.655],[1.007,-27.191],[1.007,-11.581],[27.695,-11.581],[27.695,0],[44.211,0],[44.211,-11.581],[51.059,-11.581]],"c":true},"ix":2},"nm":"4","mn":"ADBE Vector Shape - Group","hd":false}],"nm":"4","np":3,"cix":2,"bm":0,"ix":1,"mn":"ADBE Vector Group","hd":false}]},"fFamily":"Teko"}]}