{"v":"5.5.4","fr":9.99400329589844,"ip":0,"op":16.0000052766035,"w":300,"h":290,"nm":"i11-iconSet-6th","ddd":0,"assets":[],"layers":[{"ddd":0,"ind":1,"ty":4,"nm":"i11-iconSet-6th Outlines","sr":1,"ks":{"o":{"a":0,"k":100,"ix":11},"r":{"a":0,"k":0,"ix":10},"p":{"a":0,"k":[150,145,0],"ix":2},"a":{"a":0,"k":[140,140,0],"ix":1},"s":{"a":0,"k":[102.857,102.857,100],"ix":6}},"ao":0,"shapes":[{"ty":"gr","it":[{"ty":"gr","it":[{"ind":0,"ty":"sh","ix":1,"ks":{"a":0,"k":{"i":[[1.104,0],[0,0],[0,0],[0,0],[0,-1.104],[0,0]],"o":[[0,0],[0,0],[0,0],[1.104,0],[0,0],[0,1.104]],"v":[[8.34,27.292],[-10.34,27.292],[-10.34,-27.292],[8.34,-27.292],[10.34,-25.292],[10.34,25.292]],"c":true},"ix":2},"nm":"Path 1","mn":"ADBE Vector Shape - Group","hd":false},{"ty":"st","c":{"a":0,"k":[0.043000000598,0.277999997606,0.525,1],"ix":3},"o":{"a":0,"k":100,"ix":4},"w":{"a":0,"k":5,"ix":5},"lc":1,"lj":1,"ml":10,"bm":0,"nm":"Stroke 1","mn":"ADBE Vector Graphic - Stroke","hd":false},{"ty":"tr","p":{"a":0,"k":[50.777,235.159],"ix":2},"a":{"a":0,"k":[0,0],"ix":1},"s":{"a":0,"k":[100,100],"ix":3},"r":{"a":0,"k":0,"ix":6},"o":{"a":0,"k":100,"ix":7},"sk":{"a":0,"k":0,"ix":4},"sa":{"a":0,"k":0,"ix":5},"nm":"Transform"}],"nm":"coff","np":2,"cix":2,"bm":0,"ix":1,"mn":"ADBE Vector Group","hd":false},{"ty":"gr","it":[{"ind":0,"ty":"sh","ix":1,"ks":{"a":0,"k":{"i":[[0,0],[0,0],[0,0],[-6.238,0],[0,0],[13.02,-4.612],[0,0],[0,0],[-10.036,5.56],[0,0],[-11.933,-9.492],[0,0],[8.679,-2.441],[0,0],[0,0]],"o":[[0,0],[0,0],[0,0],[0,0],[0,0],[0,0],[0,0],[0,0],[10.035,-5.561],[0,0],[0,0],[0,0],[-8.679,2.441],[0,0],[0,0]],"v":[[-87.741,-0.814],[-80.418,-0.814],[-58.449,-24.953],[-48.956,-27.123],[14.511,-27.123],[0.949,-8.679],[-26.715,-8.679],[28.072,-8.137],[41.363,-13.968],[68.756,-27.123],[87.741,-21.427],[37.565,11.12],[21.834,17.087],[-51.397,30.919],[-87.741,30.919]],"c":true},"ix":2},"nm":"Path 1","mn":"ADBE Vector Shape - Group","hd":false},{"ty":"st","c":{"a":0,"k":[0.043000000598,0.277999997606,0.525,1],"ix":3},"o":{"a":0,"k":100,"ix":4},"w":{"a":0,"k":5,"ix":5},"lc":1,"lj":1,"ml":10,"bm":0,"nm":"Stroke 1","mn":"ADBE Vector Graphic - Stroke","hd":false},{"ty":"tr","p":{"a":0,"k":[148.858,219.801],"ix":2},"a":{"a":0,"k":[0,0],"ix":1},"s":{"a":0,"k":[100,100],"ix":3},"r":{"a":0,"k":0,"ix":6},"o":{"a":0,"k":100,"ix":7},"sk":{"a":0,"k":0,"ix":4},"sa":{"a":0,"k":0,"ix":5},"nm":"Transform"}],"nm":"hand","np":2,"cix":2,"bm":0,"ix":2,"mn":"ADBE Vector Group","hd":false},{"ty":"gr","it":[{"ind":0,"ty":"sh","ix":1,"ks":{"a":0,"k":{"i":[[0,0],[0,0],[0,0],[-6.238,0],[0,0],[13.02,-4.612],[0,0],[0,0],[-10.036,5.56],[0,0],[-11.933,-9.492],[0,0],[8.679,-2.441],[0,0],[0,0]],"o":[[0,0],[0,0],[0,0],[0,0],[0,0],[0,0],[0,0],[0,0],[10.035,-5.561],[0,0],[0,0],[0,0],[-8.679,2.441],[0,0],[0,0]],"v":[[-87.741,-0.814],[-80.418,-0.814],[-58.449,-24.953],[-48.956,-27.123],[14.511,-27.123],[0.949,-8.679],[-26.715,-8.679],[28.072,-8.137],[41.363,-13.968],[68.756,-27.123],[87.741,-21.427],[37.565,11.12],[21.834,17.087],[-51.397,30.919],[-87.741,30.919]],"c":true},"ix":2},"nm":"Path 1","mn":"ADBE Vector Shape - Group","hd":false},{"ty":"fl","c":{"a":0,"k":[1,1,1,1],"ix":4},"o":{"a":0,"k":100,"ix":5},"r":1,"bm":0,"nm":"Fill 1","mn":"ADBE Vector Graphic - Fill","hd":false},{"ty":"tr","p":{"a":0,"k":[148.858,219.801],"ix":2},"a":{"a":0,"k":[0,0],"ix":1},"s":{"a":0,"k":[100,100],"ix":3},"r":{"a":0,"k":0,"ix":6},"o":{"a":0,"k":100,"ix":7},"sk":{"a":0,"k":0,"ix":4},"sa":{"a":0,"k":0,"ix":5},"nm":"Transform"}],"nm":"white-hand","np":4,"cix":2,"bm":0,"ix":3,"mn":"ADBE Vector Group","hd":false},{"ty":"tr","p":{"a":1,"k":[{"i":{"x":0.667,"y":1},"o":{"x":1,"y":0},"t":1,"s":[138.518,227.19],"to":[0,-1.833],"ti":[0,0]},{"i":{"x":0.825,"y":1},"o":{"x":1,"y":0},"t":3,"s":[138.518,216.19],"to":[0,0],"ti":[0,-1.833]},{"t":14.000004617028,"s":[138.518,227.19]}],"ix":2},"a":{"a":0,"k":[138.518,227.19],"ix":1},"s":{"a":0,"k":[100,100],"ix":3},"r":{"a":1,"k":[{"i":{"x":[0.667],"y":[1]},"o":{"x":[0.838],"y":[0]},"t":1,"s":[0]},{"i":{"x":[0.833],"y":[1.017]},"o":{"x":[0.881],"y":[0]},"t":3,"s":[-3]},{"t":13.0000042872403,"s":[0]}],"ix":6},"o":{"a":0,"k":100,"ix":7},"sk":{"a":0,"k":0,"ix":4},"sa":{"a":0,"k":0,"ix":5},"nm":"Transform"}],"nm":"hand full","np":3,"cix":2,"bm":0,"ix":1,"mn":"ADBE Vector Group","hd":false},{"ty":"gr","it":[{"ty":"gr","it":[{"ind":0,"ty":"sh","ix":1,"ks":{"a":0,"k":{"i":[[0,0],[-4.377,0],[0,0],[0,6.593],[0,0],[5.894,0],[0,0],[0,5.895],[0,0],[-6.593,0],[0,0],[-2.149,-3.465]],"o":[[2.149,3.465],[0,0],[6.592,0],[0,0],[0,-5.895],[0,0],[-5.895,0],[0,0],[0,-6.593],[0,0],[4.377,0],[0,0]],"v":[[-13.24,17.232],[-2.876,23.004],[1.167,23.004],[13.104,11.067],[13.104,10.678],[2.43,0.004],[-2.43,-0.003],[-13.104,-10.677],[-13.104,-11.066],[-1.167,-23.004],[2.876,-23.004],[13.24,-17.231]],"c":false},"ix":2},"nm":"Path 1","mn":"ADBE Vector Shape - Group","hd":false},{"ty":"st","c":{"a":0,"k":[0.043000000598,0.277999997606,0.525,1],"ix":3},"o":{"a":0,"k":100,"ix":4},"w":{"a":0,"k":5,"ix":5},"lc":1,"lj":1,"ml":10,"bm":0,"nm":"Stroke 1","mn":"ADBE Vector Graphic - Stroke","hd":false},{"ty":"tr","p":{"a":0,"k":[143.367,145.746],"ix":2},"a":{"a":0,"k":[0,0],"ix":1},"s":{"a":0,"k":[100,100],"ix":3},"r":{"a":0,"k":0,"ix":6},"o":{"a":0,"k":100,"ix":7},"sk":{"a":0,"k":0,"ix":4},"sa":{"a":0,"k":0,"ix":5},"nm":"Transform"}],"nm":"S","np":2,"cix":2,"bm":0,"ix":1,"mn":"ADBE Vector Group","hd":false},{"ty":"gr","it":[{"ind":0,"ty":"sh","ix":1,"ks":{"a":0,"k":{"i":[[0,0],[0,0]],"o":[[0,0],[0,0]],"v":[[143.779,89.737],[143.779,151.632]],"c":false},"ix":2},"nm":"Path 1","mn":"ADBE Vector Shape - Group","hd":false},{"ty":"st","c":{"a":0,"k":[0.043000000598,0.277999997606,0.525,1],"ix":3},"o":{"a":0,"k":100,"ix":4},"w":{"a":0,"k":5,"ix":5},"lc":1,"lj":1,"ml":10,"bm":0,"nm":"Stroke 1","mn":"ADBE Vector Graphic - Stroke","hd":false},{"ty":"tr","p":{"a":0,"k":[0,26],"ix":2},"a":{"a":0,"k":[0,0],"ix":1},"s":{"a":0,"k":[100,100],"ix":3},"r":{"a":0,"k":0,"ix":6},"o":{"a":0,"k":100,"ix":7},"sk":{"a":0,"k":0,"ix":4},"sa":{"a":0,"k":0,"ix":5},"nm":"Transform"}],"nm":"|","np":2,"cix":2,"bm":0,"ix":2,"mn":"ADBE Vector Group","hd":false},{"ty":"gr","it":[{"ind":0,"ty":"sh","ix":1,"ks":{"a":0,"k":{"i":[[0,-7.171],[0,0],[0,0],[-2.147,0],[-4.166,0],[-4.598,0],[0,0]],"o":[[0,0],[0,-7.338],[0,0],[4.165,0],[4.598,0],[2.098,0],[0,0]],"v":[[15.991,15.042],[-15.991,15.042],[-28.313,-10.641],[-13.072,-15.042],[-0.575,-10.641],[13.22,-15.042],[28.313,-10.641]],"c":true},"ix":2},"nm":"Path 1","mn":"ADBE Vector Shape - Group","hd":false},{"ty":"st","c":{"a":0,"k":[0.043000000598,0.277999997606,0.525,1],"ix":3},"o":{"a":0,"k":100,"ix":4},"w":{"a":0,"k":5,"ix":5},"lc":1,"lj":1,"ml":10,"bm":0,"nm":"Stroke 1","mn":"ADBE Vector Graphic - Stroke","hd":false},{"ty":"tr","p":{"a":0,"k":[140.941,71.244],"ix":2},"a":{"a":0,"k":[0,0],"ix":1},"s":{"a":0,"k":[100,100],"ix":3},"r":{"a":0,"k":0,"ix":6},"o":{"a":0,"k":100,"ix":7},"sk":{"a":0,"k":0,"ix":4},"sa":{"a":0,"k":0,"ix":5},"nm":"Transform"}],"nm":"head","np":2,"cix":2,"bm":0,"ix":5,"mn":"ADBE Vector Group","hd":false},{"ty":"gr","it":[{"ind":0,"ty":"sh","ix":1,"ks":{"a":0,"k":{"i":[[3.623,0],[0,0],[0,3.623],[-3.623,0],[0,0],[0,-3.622]],"o":[[0,0],[-3.623,0],[0,-3.622],[0,0],[3.623,0],[0,3.623]],"v":[[14.656,6.559],[-14.657,6.559],[-21.217,-0.001],[-14.657,-6.559],[14.656,-6.559],[21.216,-0.001]],"c":true},"ix":2},"nm":"Path 1","mn":"ADBE Vector Shape - Group","hd":false},{"ty":"st","c":{"a":0,"k":[0.043000000598,0.277999997606,0.525,1],"ix":3},"o":{"a":0,"k":100,"ix":4},"w":{"a":0,"k":5,"ix":5},"lc":1,"lj":1,"ml":10,"bm":0,"nm":"Stroke 1","mn":"ADBE Vector Graphic - Stroke","hd":false},{"ty":"tr","p":{"a":0,"k":[140.895,92.844],"ix":2},"a":{"a":0,"k":[0,0],"ix":1},"s":{"a":0,"k":[100,100],"ix":3},"r":{"a":0,"k":0,"ix":6},"o":{"a":0,"k":100,"ix":7},"sk":{"a":0,"k":0,"ix":4},"sa":{"a":0,"k":0,"ix":5},"nm":"Transform"}],"nm":"nek","np":2,"cix":2,"bm":0,"ix":6,"mn":"ADBE Vector Group","hd":false},{"ty":"gr","it":[{"ind":0,"ty":"sh","ix":1,"ks":{"a":0,"k":{"i":[[14.815,0],[0,0],[0,14.815],[-4.047,11.769],[-21.265,0],[0,0],[-7.395,-21.222],[0,0]],"o":[[0,0],[-14.815,0],[0,0],[7.299,-21.222],[0,0],[21.265,0],[4.096,11.752],[0,14.815]],"v":[[28.986,53.476],[-28.986,53.476],[-58.811,26.651],[-49.811,-24.972],[-1.307,-53.476],[1.307,-53.476],[49.811,-24.972],[58.811,26.651]],"c":true},"ix":2},"nm":"Path 1","mn":"ADBE Vector Shape - Group","hd":false},{"ty":"st","c":{"a":0,"k":[0.043000000598,0.277999997606,0.525,1],"ix":3},"o":{"a":0,"k":100,"ix":4},"w":{"a":0,"k":5,"ix":5},"lc":1,"lj":1,"ml":10,"bm":0,"nm":"Stroke 1","mn":"ADBE Vector Graphic - Stroke","hd":false},{"ty":"tr","p":{"a":0,"k":[140.894,152.88],"ix":2},"a":{"a":0,"k":[0,0],"ix":1},"s":{"a":0,"k":[100,100],"ix":3},"r":{"a":0,"k":0,"ix":6},"o":{"a":0,"k":100,"ix":7},"sk":{"a":0,"k":0,"ix":4},"sa":{"a":0,"k":0,"ix":5},"nm":"Transform"}],"nm":"body","np":2,"cix":2,"bm":0,"ix":7,"mn":"ADBE Vector Group","hd":false},{"ty":"tr","p":{"a":1,"k":[{"i":{"x":0.087,"y":0.96},"o":{"x":0.34,"y":0},"t":2,"s":[140,166],"to":[0,-6.333],"ti":[0,0]},{"i":{"x":0.852,"y":0.93},"o":{"x":0.369,"y":0.004},"t":9,"s":[140,128],"to":[0,0],"ti":[0,-6.333]},{"t":12.0000039574526,"s":[140,166]}],"ix":2},"a":{"a":0,"k":[140,166],"ix":1},"s":{"a":0,"k":[100,100],"ix":3},"r":{"a":0,"k":0,"ix":6},"o":{"a":0,"k":100,"ix":7},"sk":{"a":0,"k":0,"ix":4},"sa":{"a":0,"k":0,"ix":5},"nm":"Transform"}],"nm":"bag","np":7,"cix":2,"bm":0,"ix":2,"mn":"ADBE Vector Group","hd":false}],"ip":0,"op":15.0000049468157,"st":0,"bm":0},{"ddd":0,"ind":2,"ty":1,"nm":"Base","sr":1,"ks":{"o":{"a":0,"k":0,"ix":11},"r":{"a":0,"k":0,"ix":10},"p":{"a":0,"k":[150,145,0],"ix":2},"a":{"a":0,"k":[140,140,0],"ix":1},"s":{"a":0,"k":[107.143,102.857,100],"ix":6}},"ao":0,"sw":280,"sh":280,"sc":"#ffffff","ip":0,"op":15.0000049468157,"st":0,"bm":0}],"markers":[]}