{"v":"5.5.4","fr":29.9700012207031,"ip":0,"op":36.0000014663101,"w":300,"h":290,"nm":"i12-iconSet-6th 3","ddd":0,"assets":[],"layers":[{"ddd":0,"ind":1,"ty":4,"nm":"i12.2-iconSet-6th Outlines","cl":"2-iconSet-6th","sr":1,"ks":{"o":{"a":0,"k":100,"ix":11},"r":{"a":1,"k":[{"i":{"x":[0.667],"y":[1]},"o":{"x":[0.724],"y":[0]},"t":4,"s":[0]},{"i":{"x":[0.241],"y":[1]},"o":{"x":[0.333],"y":[0]},"t":16,"s":[6]},{"t":28.0000011404634,"s":[0]}],"ix":10},"p":{"a":0,"k":[150,145,0],"ix":2},"a":{"a":0,"k":[150,145,0],"ix":1},"s":{"a":0,"k":[100,100,100],"ix":6}},"ao":0,"shapes":[{"ty":"gr","it":[{"ty":"gr","it":[{"ty":"gr","it":[{"ind":0,"ty":"sh","ix":1,"ks":{"a":0,"k":{"i":[[0,0],[-0.622,0.31],[0,0],[0.311,0.622],[0,0],[0.622,-0.311],[0,0],[-0.311,-0.622]],"o":[[0.312,0.622],[0,0],[0.622,-0.311],[0,0],[-0.311,-0.622],[0,0],[-0.622,0.311],[0,0]],"v":[[3.499,33.437],[5.21,33.981],[24.728,23.873],[25.271,22.162],[-3.499,-33.435],[-5.21,-33.98],[-24.727,-23.871],[-25.271,-22.16]],"c":true},"ix":2},"nm":"Path 1","mn":"ADBE Vector Shape - Group","hd":false},{"ty":"fl","c":{"a":0,"k":[0.043000000598,0.277999997606,0.525,1],"ix":4},"o":{"a":0,"k":100,"ix":5},"r":1,"bm":0,"nm":"Fill 1","mn":"ADBE Vector Graphic - Fill","hd":false},{"ty":"tr","p":{"a":1,"k":[{"i":{"x":0.667,"y":1},"o":{"x":0.333,"y":0},"t":9.176,"s":[221.136,120.603],"to":[-0.333,0.667],"ti":[0,0.5]},{"i":{"x":0.667,"y":1},"o":{"x":0.333,"y":0},"t":17.584,"s":[219.136,124.603],"to":[0,-0.5],"ti":[-0.333,0.667]},{"i":{"x":0.667,"y":1},"o":{"x":0.333,"y":0},"t":25.994,"s":[221.136,117.603],"to":[0.333,-0.667],"ti":[0,-0.5]},{"t":33.0000013441176,"s":[221.136,120.603]}],"ix":2},"a":{"a":0,"k":[0,0],"ix":1},"s":{"a":0,"k":[100,100],"ix":3},"r":{"a":1,"k":[{"i":{"x":[0.667],"y":[1]},"o":{"x":[0.333],"y":[0]},"t":9.176,"s":[0]},{"i":{"x":[0.667],"y":[1]},"o":{"x":[0.333],"y":[0]},"t":17.584,"s":[8]},{"t":25.9937510587471,"s":[0]}],"ix":6},"o":{"a":0,"k":100,"ix":7},"sk":{"a":0,"k":0,"ix":4},"sa":{"a":0,"k":0,"ix":5},"nm":"Transform"}],"nm":"cof1","np":2,"cix":2,"bm":0,"ix":1,"mn":"ADBE Vector Group","hd":false},{"ty":"gr","it":[{"ind":0,"ty":"sh","ix":1,"ks":{"a":0,"k":{"i":[[0,0],[0,0],[0,0],[17.418,1.322],[0,0],[0,0],[-3.343,5.364],[0,0]],"o":[[0,0],[0,0],[-6.844,4.121],[-17.496,-1.244],[0,0],[14.153,8.554],[3.345,-5.366],[0,0]],"v":[[38.763,29.704],[53.536,17.029],[29.898,-25.737],[-14.813,-28.459],[-37.985,-21.616],[-53.536,4.121],[-27.332,-5.675],[-15.746,-8.552]],"c":true},"ix":2},"nm":"Path 1","mn":"ADBE Vector Shape - Group","hd":false},{"ty":"st","c":{"a":0,"k":[0.043000000598,0.277999997606,0.525,1],"ix":3},"o":{"a":0,"k":100,"ix":4},"w":{"a":0,"k":5,"ix":5},"lc":1,"lj":1,"ml":10,"bm":0,"nm":"Stroke 1","mn":"ADBE Vector Graphic - Stroke","hd":false},{"ty":"fl","c":{"a":0,"k":[1,1,1,1],"ix":4},"o":{"a":0,"k":100,"ix":5},"r":1,"bm":0,"nm":"Fill 1","mn":"ADBE Vector Graphic - Fill","hd":false},{"ty":"tr","p":{"a":0,"k":[168.377,131.022],"ix":2},"a":{"a":0,"k":[0,0],"ix":1},"s":{"a":0,"k":[100,100],"ix":3},"r":{"a":0,"k":0,"ix":6},"o":{"a":0,"k":100,"ix":7},"sk":{"a":0,"k":0,"ix":4},"sa":{"a":0,"k":0,"ix":5},"nm":"Transform"}],"nm":"Group 6","np":3,"cix":2,"bm":0,"ix":2,"mn":"ADBE Vector Group","hd":false},{"ty":"tr","p":{"a":0,"k":[180.692,123.606],"ix":2},"a":{"a":0,"k":[180.692,123.606],"ix":1},"s":{"a":0,"k":[100,100],"ix":3},"r":{"a":0,"k":0,"ix":6},"o":{"a":0,"k":100,"ix":7},"sk":{"a":0,"k":0,"ix":4},"sa":{"a":0,"k":0,"ix":5},"nm":"Transform"}],"nm":"body","np":2,"cix":2,"bm":0,"ix":1,"mn":"ADBE Vector Group","hd":false},{"ty":"gr","it":[{"ty":"gr","it":[{"ind":0,"ty":"sh","ix":1,"ks":{"a":0,"k":{"i":[[0,0],[3.033,3.032],[-3.032,3.033],[0,0],[-3.032,-3.033],[3.033,-3.033]],"o":[[-3.032,3.032],[-3.032,-3.032],[0,0],[3.032,-3.033],[3.033,3.034],[0,0]],"v":[[3.266,7.738],[-7.777,7.738],[-7.777,-3.304],[-3.266,-7.736],[7.775,-7.736],[7.775,3.306]],"c":true},"ix":2},"nm":"Path 1","mn":"ADBE Vector Shape - Group","hd":false},{"ty":"st","c":{"a":0,"k":[0.043000000598,0.277999997606,0.525,1],"ix":3},"o":{"a":0,"k":100,"ix":4},"w":{"a":0,"k":5,"ix":5},"lc":1,"lj":1,"ml":10,"bm":0,"nm":"Stroke 1","mn":"ADBE Vector Graphic - Stroke","hd":false},{"ty":"fl","c":{"a":0,"k":[1,1,1,1],"ix":4},"o":{"a":0,"k":100,"ix":5},"r":1,"bm":0,"nm":"Fill 1","mn":"ADBE Vector Graphic - Fill","hd":false},{"ty":"tr","p":{"a":0,"k":[95.323,164.652],"ix":2},"a":{"a":0,"k":[0,0],"ix":1},"s":{"a":0,"k":[100,100],"ix":3},"r":{"a":0,"k":0,"ix":6},"o":{"a":0,"k":100,"ix":7},"sk":{"a":0,"k":0,"ix":4},"sa":{"a":0,"k":0,"ix":5},"nm":"Transform"}],"nm":"finger1","np":3,"cix":2,"bm":0,"ix":1,"mn":"ADBE Vector Group","hd":false},{"ty":"gr","it":[{"ind":0,"ty":"sh","ix":1,"ks":{"a":0,"k":{"i":[[0,0],[3.422,3.343],[-3.343,3.421],[0,0],[-3.421,-3.344],[3.344,-3.422]],"o":[[-3.421,3.421],[-3.421,-3.423],[0,0],[3.421,-3.421],[3.422,3.421],[0,0]],"v":[[2.294,9.992],[-9.993,9.992],[-9.993,-2.294],[-2.295,-9.992],[9.992,-9.992],[9.992,2.294]],"c":true},"ix":2},"nm":"Path 1","mn":"ADBE Vector Shape - Group","hd":false},{"ty":"st","c":{"a":0,"k":[0.043000000598,0.277999997606,0.525,1],"ix":3},"o":{"a":0,"k":100,"ix":4},"w":{"a":0,"k":5,"ix":5},"lc":1,"lj":1,"ml":10,"bm":0,"nm":"Stroke 1","mn":"ADBE Vector Graphic - Stroke","hd":false},{"ty":"fl","c":{"a":0,"k":[1,1,1,1],"ix":4},"o":{"a":0,"k":100,"ix":5},"r":1,"bm":0,"nm":"Fill 1","mn":"ADBE Vector Graphic - Fill","hd":false},{"ty":"tr","p":{"a":0,"k":[109.826,173.363],"ix":2},"a":{"a":0,"k":[0,0],"ix":1},"s":{"a":0,"k":[100,100],"ix":3},"r":{"a":0,"k":0,"ix":6},"o":{"a":0,"k":100,"ix":7},"sk":{"a":0,"k":0,"ix":4},"sa":{"a":0,"k":0,"ix":5},"nm":"Transform"}],"nm":"finger2","np":3,"cix":2,"bm":0,"ix":2,"mn":"ADBE Vector Group","hd":false},{"ty":"gr","it":[{"ind":0,"ty":"sh","ix":1,"ks":{"a":0,"k":{"i":[[0,0],[2.877,2.955],[-2.955,2.955],[0,0],[-2.954,-2.955],[2.955,-2.955]],"o":[[-2.955,2.955],[-2.955,-2.955],[0,0],[2.955,-2.955],[2.955,2.955],[0,0]],"v":[[0.467,10.187],[-10.186,10.187],[-10.186,-0.467],[-0.467,-10.186],[10.186,-10.186],[10.186,0.467]],"c":true},"ix":2},"nm":"Path 1","mn":"ADBE Vector Shape - Group","hd":false},{"ty":"st","c":{"a":0,"k":[0.043000000598,0.277999997606,0.525,1],"ix":3},"o":{"a":0,"k":100,"ix":4},"w":{"a":0,"k":5,"ix":5},"lc":1,"lj":1,"ml":10,"bm":0,"nm":"Stroke 1","mn":"ADBE Vector Graphic - Stroke","hd":false},{"ty":"fl","c":{"a":0,"k":[1,1,1,1],"ix":4},"o":{"a":0,"k":100,"ix":5},"r":1,"bm":0,"nm":"Fill 1","mn":"ADBE Vector Graphic - Fill","hd":false},{"ty":"tr","p":{"a":0,"k":[122.383,183.82],"ix":2},"a":{"a":0,"k":[0,0],"ix":1},"s":{"a":0,"k":[100,100],"ix":3},"r":{"a":0,"k":0,"ix":6},"o":{"a":0,"k":100,"ix":7},"sk":{"a":0,"k":0,"ix":4},"sa":{"a":0,"k":0,"ix":5},"nm":"Transform"}],"nm":"finger3","np":3,"cix":2,"bm":0,"ix":3,"mn":"ADBE Vector Group","hd":false},{"ty":"gr","it":[{"ind":0,"ty":"sh","ix":1,"ks":{"a":0,"k":{"i":[[0,0],[3.188,3.188],[-3.188,3.188],[0,0],[-3.188,-3.189],[3.188,-3.189]],"o":[[-3.188,3.188],[-3.188,-3.188],[0,0],[3.188,-3.189],[3.188,3.188],[0,0]],"v":[[3.46,8.126],[-8.126,8.126],[-8.126,-3.46],[-3.46,-8.125],[8.126,-8.125],[8.126,3.461]],"c":true},"ix":2},"nm":"Path 1","mn":"ADBE Vector Shape - Group","hd":false},{"ty":"st","c":{"a":0,"k":[0.043000000598,0.277999997606,0.525,1],"ix":3},"o":{"a":0,"k":100,"ix":4},"w":{"a":0,"k":5,"ix":5},"lc":1,"lj":1,"ml":10,"bm":0,"nm":"Stroke 1","mn":"ADBE Vector Graphic - Stroke","hd":false},{"ty":"fl","c":{"a":0,"k":[1,1,1,1],"ix":4},"o":{"a":0,"k":100,"ix":5},"r":1,"bm":0,"nm":"Fill 1","mn":"ADBE Vector Graphic - Fill","hd":false},{"ty":"tr","p":{"a":0,"k":[134.941,193.579],"ix":2},"a":{"a":0,"k":[0,0],"ix":1},"s":{"a":0,"k":[100,100],"ix":3},"r":{"a":0,"k":0,"ix":6},"o":{"a":0,"k":100,"ix":7},"sk":{"a":0,"k":0,"ix":4},"sa":{"a":0,"k":0,"ix":5},"nm":"Transform"}],"nm":"finger4","np":3,"cix":2,"bm":0,"ix":4,"mn":"ADBE Vector Group","hd":false},{"ty":"tr","p":{"a":0,"k":[115.365,179.368],"ix":2},"a":{"a":0,"k":[115.365,179.368],"ix":1},"s":{"a":0,"k":[100,100],"ix":3},"r":{"a":0,"k":0,"ix":6},"o":{"a":0,"k":100,"ix":7},"sk":{"a":1,"k":[{"i":{"x":[0.667],"y":[1]},"o":{"x":[0.333],"y":[0]},"t":10,"s":[0]},{"i":{"x":[0.667],"y":[1]},"o":{"x":[0.333],"y":[0]},"t":16,"s":[10]},{"t":24.00000097754,"s":[0]}],"ix":4},"sa":{"a":0,"k":0,"ix":5},"nm":"Transform"}],"nm":"fingers","np":4,"cix":2,"bm":0,"ix":2,"mn":"ADBE Vector Group","hd":false},{"ty":"tr","p":{"a":1,"k":[{"i":{"x":0.667,"y":1},"o":{"x":0.333,"y":0},"t":8,"s":[163.909,145.291],"to":[-0.667,0],"ti":[0,0]},{"i":{"x":0.667,"y":1},"o":{"x":0.333,"y":0},"t":16,"s":[159.909,145.291],"to":[0,0],"ti":[-0.667,0]},{"t":24.00000097754,"s":[163.909,145.291]}],"ix":2},"a":{"a":0,"k":[165.909,145.291],"ix":1},"s":{"a":0,"k":[100,100],"ix":3},"r":{"a":0,"k":0,"ix":6},"o":{"a":0,"k":100,"ix":7},"sk":{"a":0,"k":0,"ix":4},"sa":{"a":0,"k":0,"ix":5},"nm":"Transform"}],"nm":"right","np":2,"cix":2,"bm":0,"ix":1,"mn":"ADBE Vector Group","hd":false},{"ty":"gr","it":[{"ty":"gr","it":[{"ind":0,"ty":"sh","ix":1,"ks":{"a":0,"k":{"i":[[0,0],[0,0],[0,0],[0,0]],"o":[[0,0],[0,0],[0,0],[0,0]],"v":[[7.951,-30.172],[-23.876,20.043],[-7.95,30.172],[23.876,-20.044]],"c":true},"ix":2},"nm":"Path 1","mn":"ADBE Vector Shape - Group","hd":false},{"ty":"st","c":{"a":0,"k":[0.043000000598,0.277999997606,0.525,1],"ix":3},"o":{"a":0,"k":100,"ix":4},"w":{"a":0,"k":5,"ix":5},"lc":1,"lj":2,"bm":0,"nm":"Stroke 1","mn":"ADBE Vector Graphic - Stroke","hd":false},{"ty":"tr","p":{"a":0,"k":[81.054,121.711],"ix":2},"a":{"a":0,"k":[0,0],"ix":1},"s":{"a":0,"k":[100,100],"ix":3},"r":{"a":0,"k":0,"ix":6},"o":{"a":0,"k":100,"ix":7},"sk":{"a":1,"k":[{"i":{"x":[0.667],"y":[1]},"o":{"x":[0.333],"y":[0]},"t":8,"s":[0]},{"i":{"x":[0.667],"y":[1]},"o":{"x":[0.333],"y":[0]},"t":17,"s":[5]},{"i":{"x":[0.667],"y":[1]},"o":{"x":[0.333],"y":[0]},"t":25,"s":[-5]},{"t":29.0000011811942,"s":[0]}],"ix":4},"sa":{"a":0,"k":0,"ix":5},"nm":"Transform"}],"nm":"cof","np":2,"cix":2,"bm":0,"ix":1,"mn":"ADBE Vector Group","hd":false},{"ty":"gr","it":[{"ind":0,"ty":"sh","ix":1,"ks":{"a":0,"k":{"i":[[0.194,0],[0.101,-3.24],[-0.032,-0.28],[4.258,-6.935],[-2.304,-1.906],[-0.314,-0.224],[-0.576,-0.354],[-0.497,-0.324],[-1.019,-2.63],[-0.005,-0.013],[-1.364,-2.16],[-1.894,-1.893],[-6.7,-3.113],[-2.334,-0.825],[0,0],[0,0],[-0.777,-0.317],[-0.108,-0.066],[-0.316,-0.18],[-0.242,-0.146],[0,0],[0,0],[-0.461,-0.277],[-3.394,-2.25],[-6.473,-1.123],[-1.081,0],[-1.693,0.812],[-1.235,2.285],[-0.061,0.137],[-0.429,0],[-0.543,0.076],[-1.811,2.791],[-0.093,0.178],[-0.004,0.007],[0.113,2.676],[-0.081,0],[-2.229,3.955],[-0.137,1.544],[-0.2,0],[-3.009,3.719],[2.83,4.193],[4.142,2.863],[3.198,2.201],[6.667,4.581],[1.436,0.987],[-2.777,-0.73],[-0.032,-0.008],[-1.809,0],[-2.36,1.486],[-1.107,1.355],[0.318,1.732],[1.527,0.879],[0,0],[2.709,2.08],[0.616,0.289],[0.057,0.025],[0.079,0.032],[0.506,0.17],[1.455,0.407],[3.723,0.839],[3.281,0.514],[1.817,0],[0.452,-0.044],[0.018,-0.002],[0.4,-0.049],[6.779,0],[1.631,0.057],[5.873,1.167],[1.245,0.283],[0,0],[0,0],[0.273,0.022],[0.319,0.05],[0.121,0.012]],"o":[[-3.242,0],[-0.008,0.29],[-6.489,10.21],[-1.564,2.548],[0.277,0.23],[0.697,0.497],[0.358,0.221],[1.966,1.283],[0.005,0.014],[0.593,1.531],[0.898,1.422],[6.153,6.155],[2.334,1.084],[0,0],[0,0],[1.071,0.379],[0.61,0.247],[0.288,0.242],[0.142,0.088],[0,0],[0,0],[0.371,0.22],[1.76,1.055],[3.316,2.211],[1.189,0.207],[2.149,0],[2.195,-1.052],[0.072,-0.134],[0.454,0.037],[0.607,0],[4.124,-0.491],[0.109,-0.168],[0.004,-0.007],[0.468,-0.887],[0.08,0.001],[3.906,0],[0.992,-1.762],[0.2,0.01],[2.37,0],[3.258,-4.023],[-0.661,-1.017],[-1.987,-1.374],[-6.387,-4.396],[-1.602,-1.101],[3.818,0.724],[0.031,0.008],[2.037,0.531],[3.056,0],[1.383,-0.872],[1.114,-1.363],[-0.318,-1.732],[0,0],[-4.287,-2.455],[-0.47,-0.454],[-0.056,-0.026],[-0.078,-0.035],[-0.338,-0.14],[-0.935,-0.314],[-3.018,-0.843],[-4.277,-0.964],[-3.173,-0.497],[-0.544,0],[-0.018,0.002],[-0.271,0.029],[-2.146,0.261],[-1.562,0],[-5.818,-0.245],[-1.883,-0.374],[0,0],[0,0],[-0.273,-0.061],[-0.299,-0.097],[-0.119,-0.019],[-0.197,-0.019]],"v":[[-39.593,-51.789],[-45.591,-45.974],[-45.555,-45.117],[-67.343,-10.575],[-66.054,-2.812],[-65.162,-2.128],[-63.293,-0.911],[-62.034,-0.118],[-57.626,5.119],[-57.611,5.159],[-54.491,11.045],[-49.909,17.03],[-24.896,32.44],[-17.582,35.283],[-17.304,35.381],[-17.215,35.412],[-14.327,36.479],[-13.353,36.924],[-12.444,37.557],[-11.88,37.903],[-11.13,38.353],[-10.786,38.558],[-9.55,39.297],[-1.675,44.259],[14.655,51.478],[18.076,51.789],[23.867,50.566],[29.037,45.536],[29.237,45.131],[30.565,45.187],[32.297,45.073],[41.239,40.128],[41.542,39.607],[41.57,39.553],[43.025,33.903],[43.266,33.905],[54.338,28.18],[55.958,23.188],[56.558,23.204],[65.393,18.705],[66.076,5.581],[61.273,1.701],[53.305,-3.791],[32.204,-18.298],[27.617,-21.451],[39.631,-18.922],[39.726,-18.898],[45.523,-18.098],[53.685,-20.337],[57.386,-23.646],[58.641,-28.526],[55.734,-32.642],[55.632,-32.7],[43.289,-40.49],[41.653,-41.617],[41.485,-41.693],[41.249,-41.794],[39.994,-42.253],[36.393,-43.339],[25.939,-45.947],[14.386,-48.205],[6.865,-48.954],[5.385,-48.888],[5.33,-48.882],[4.322,-48.763],[-9.067,-47.958],[-13.879,-48.044],[-31.263,-50.143],[-35.941,-51.153],[-36.456,-51.27],[-36.886,-51.367],[-37.705,-51.491],[-38.632,-51.713],[-38.991,-51.759]],"c":true},"ix":2},"nm":"Path 1","mn":"ADBE Vector Shape - Group","hd":false},{"ind":1,"ty":"sh","ix":2,"ks":{"a":0,"k":{"i":[[0.004,0.003],[0,0]],"o":[[0,0],[-0.006,-0.005]],"v":[[-9.505,32.32],[-9.491,32.332]],"c":true},"ix":2},"nm":"Path 2","mn":"ADBE Vector Shape - Group","hd":false},{"ind":2,"ty":"sh","ix":3,"ks":{"a":0,"k":{"i":[[0.016,0.009],[0.001,0]],"o":[[0.018,0.009],[0,0]],"v":[[39.106,-36.185],[39.131,-36.172]],"c":true},"ix":2},"nm":"Path 3","mn":"ADBE Vector Shape - Group","hd":false},{"ind":3,"ty":"sh","ix":4,"ks":{"a":0,"k":{"i":[[-6.019,9.469],[-0.146,-0.033],[-0.179,-0.041],[-1.964,-0.39],[-7.568,-0.319],[0,0],[0,0],[-1.556,0],[-2.31,0.282],[-0.249,0.026],[-0.341,0],[-2.847,-0.446],[-3.803,-0.856],[-2.74,-0.765],[-0.808,-0.271],[-0.188,-0.078],[-0.009,-0.003],[-0.468,-0.269],[0.945,-0.596],[2.273,0],[1.685,0.446],[0,0],[1.534,0.259],[0.263,0.052],[1.382,0.085],[0.254,0],[0.769,-0.337],[0.457,-0.91],[-0.165,-0.686],[0,0],[0,0],[-0.082,-0.118],[-0.064,-0.071],[-0.085,-0.076],[-0.201,-0.152],[-0.103,-0.16],[2.528,-3.122],[1.201,0],[0.309,0.057],[0.017,0.011],[0.001,0.001],[0,0],[0,0],[0.517,0],[0.537,-0.842],[-1.312,-0.836],[0,0],[1.765,-3.132],[2.061,0],[0.213,0.028],[0.634,0.188],[0.16,0.057],[0.003,0.001],[0,0],[0.513,0],[0.535,-0.849],[-1.316,-0.829],[0,0],[-0.037,-0.063],[-0.193,-0.714],[0.376,-0.713],[0.017,-0.035],[1.376,-0.16],[0,0],[0,0],[0.322,0],[0.471,0.062],[0.204,0.038],[0,0],[0.536,0],[0.542,-0.815],[-1.295,-0.862],[0,0],[0.904,-0.432],[1.26,0],[0.864,0.151],[3.864,2.577],[0,0],[0,0],[1.966,1.18],[0.364,0.218],[0.309,0.185],[0.098,0.063],[0.002,0],[-0.005,-0.005],[0.772,0.312],[1.145,0.404],[0.117,0.042],[2.073,0.963],[4.286,4.286],[1.236,1.957],[0.411,1.075],[0,0],[0,0],[2.382,1.554],[0.401,0.247],[0.521,0.372],[0.167,0.137]],"o":[[0.13,0.029],[0.162,0.037],[1.239,0.282],[4.503,0.895],[0,0],[0,0],[1.793,0.063],[7.142,0],[0.368,-0.044],[0.254,-0.025],[1.476,0],[3.41,0.534],[3.8,0.857],[1.373,0.384],[0.408,0.137],[0.01,0.004],[3.926,3.204],[-0.591,0.722],[-1.119,0.704],[-1.235,0],[0,0],[-4.533,-1.192],[-0.235,-0.046],[-1.398,-0.275],[-0.201,-0.013],[-0.691,0],[-0.602,0.262],[-0.457,0.914],[0,0],[0,0],[0.126,0.441],[0.102,0.148],[0.128,0.141],[0.181,0.157],[0.415,0.311],[0.276,0.425],[-1.48,1.83],[-0.375,0],[-0.734,-0.137],[-0.002,-0.001],[0,0],[0,0],[-0.468,-0.299],[-0.931,0],[-0.836,1.311],[0,0],[0,0],[-0.952,1.69],[-0.238,0],[-0.977,-0.121],[-0.312,-0.095],[-0.003,-0.001],[0,0],[-0.467,-0.294],[-0.936,0],[-0.83,1.316],[0,0],[0.032,0.05],[0.215,0.367],[0.331,1.313],[-0.019,0.038],[-1.102,1.698],[0,0],[0,0],[-0.29,0.041],[-0.486,0],[-0.299,-0.039],[0,0],[-0.48,-0.319],[-0.91,0],[-0.862,1.295],[0,0],[-0.706,1.303],[-0.87,0.417],[-0.733,0],[-4.73,-0.821],[0,0],[0,0],[-3.39,-2.247],[-0.472,-0.283],[-0.413,-0.247],[-0.357,-0.216],[-0.052,-0.032],[-0.001,0],[-0.721,-0.626],[-0.91,-0.371],[-0.117,-0.041],[-2.262,-0.8],[-9.991,-4.642],[-1.147,-1.146],[-1.237,-1.959],[0,0],[0,0],[-1.688,-4.361],[-0.55,-0.359],[-0.544,-0.334],[-0.201,-0.142],[4.737,-7.715]],"v":[[-38.196,-45.511],[-37.782,-45.418],[-37.271,-45.302],[-32.432,-44.258],[-14.108,-42.049],[-14.098,-42.048],[-14.088,-42.048],[-9.067,-41.958],[5.047,-42.808],[5.972,-42.916],[6.865,-42.954],[13.459,-42.277],[24.621,-40.094],[34.778,-37.56],[38.085,-36.565],[38.973,-36.242],[39.001,-36.231],[52.74,-27.442],[50.488,-25.414],[45.523,-24.098],[41.161,-24.725],[41.158,-24.725],[24.531,-28.117],[23.782,-28.263],[19.269,-28.962],[18.581,-28.985],[16.28,-28.57],[14.475,-26.892],[14.22,-24.376],[14.233,-24.318],[14.251,-24.26],[14.663,-23.395],[14.929,-23.062],[15.27,-22.73],[15.862,-22.257],[61.053,8.863],[60.729,14.931],[56.558,17.204],[55.528,17.103],[53.063,16.06],[53.059,16.057],[52.963,15.981],[25.392,-1.594],[23.882,-2.035],[21.504,-0.732],[22.365,3.156],[49.46,20.427],[49.11,25.235],[43.266,27.905],[42.587,27.865],[40.101,27.338],[39.382,27.102],[39.374,27.099],[16.05,12.396],[14.551,11.962],[12.166,13.276],[13.046,17.16],[36.151,31.725],[36.256,31.896],[36.939,33.533],[36.262,36.755],[36.206,36.862],[31.558,39.118],[31.523,39.123],[31.49,39.128],[30.565,39.187],[29.102,39.085],[28.335,38.963],[8.332,25.652],[6.774,25.181],[4.428,26.437],[5.212,30.342],[23.759,42.683],[21.273,45.155],[18.076,45.789],[15.68,45.565],[1.647,39.262],[1.644,39.26],[1.641,39.258],[-6.456,34.155],[-7.706,33.408],[-8.781,32.766],[-9.435,32.359],[-9.512,32.313],[-9.505,32.32],[-12.062,30.923],[-15.23,29.75],[-15.583,29.626],[-22.367,26.999],[-45.668,12.786],[-49.419,7.841],[-52.027,2.964],[-52.029,2.959],[-52.031,2.953],[-58.755,-5.143],[-60.154,-6.024],[-61.68,-7.015],[-62.23,-7.435]],"c":true},"ix":2},"nm":"Path 4","mn":"ADBE Vector Shape - Group","hd":false},{"ind":4,"ty":"sh","ix":5,"ks":{"a":0,"k":{"i":[[-0.002,0],[-0.014,-0.002],[-0.001,0]],"o":[[0.002,0],[0,0],[-0.019,-0.001]],"v":[[-39.593,-45.789],[-39.569,-45.787],[-39.567,-45.787]],"c":true},"ix":2},"nm":"Path 5","mn":"ADBE Vector Shape - Group","hd":false},{"ty":"mm","mm":1,"nm":"Merge Paths 1","mn":"ADBE Vector Filter - Merge","hd":false},{"ty":"fl","c":{"a":0,"k":[0.043000000598,0.277999997606,0.525,1],"ix":4},"o":{"a":0,"k":100,"ix":5},"r":1,"bm":0,"nm":"Fill 1","mn":"ADBE Vector Graphic - Fill","hd":false},{"ty":"tr","p":{"a":0,"k":[144.537,154.191],"ix":2},"a":{"a":0,"k":[0,0],"ix":1},"s":{"a":0,"k":[100,100],"ix":3},"r":{"a":0,"k":0,"ix":6},"o":{"a":0,"k":100,"ix":7},"sk":{"a":0,"k":0,"ix":4},"sa":{"a":0,"k":0,"ix":5},"nm":"Transform"}],"nm":"Group 8","np":7,"cix":2,"bm":0,"ix":2,"mn":"ADBE Vector Group","hd":false},{"ty":"tr","p":{"a":1,"k":[{"i":{"x":0.667,"y":0.667},"o":{"x":0.333,"y":0.333},"t":8,"s":[128.873,147.76],"to":[0,0],"ti":[0,0]},{"i":{"x":0.667,"y":0.667},"o":{"x":0.333,"y":0.333},"t":14,"s":[128.873,147.76],"to":[0,0],"ti":[0,0]},{"t":21.0000008553475,"s":[128.873,147.76]}],"ix":2},"a":{"a":0,"k":[134.873,147.76],"ix":1},"s":{"a":0,"k":[100,100],"ix":3},"r":{"a":0,"k":0,"ix":6},"o":{"a":0,"k":100,"ix":7},"sk":{"a":0,"k":0,"ix":4},"sa":{"a":0,"k":0,"ix":5},"nm":"Transform"}],"nm":"left","np":2,"cix":2,"bm":0,"ix":2,"mn":"ADBE Vector Group","hd":false}],"ip":0,"op":36.0000014663101,"st":0,"bm":0}],"markers":[]}