{"v":"5.5.4","fr":29.9700012207031,"ip":0,"op":36.0000014663101,"w":300,"h":290,"nm":"i12-iconSet-6th 3","ddd":0,"assets":[],"layers":[{"ddd":0,"ind":1,"ty":4,"nm":"i12-iconSet-6th Outlines","sr":1,"ks":{"o":{"a":0,"k":100,"ix":11},"r":{"a":0,"k":0,"ix":10},"p":{"a":0,"k":[150,145,0],"ix":2},"a":{"a":0,"k":[150,145,0],"ix":1},"s":{"a":0,"k":[100,100,100],"ix":6}},"ao":0,"shapes":[{"ty":"gr","it":[{"ty":"gr","it":[{"ind":0,"ty":"sh","ix":1,"ks":{"a":0,"k":{"i":[[0,0],[0,0],[0,0],[0,0]],"o":[[0,0],[0,0],[0,0],[0,0]],"v":[[-5.289,-30.768],[-22.06,-22.081],[5.289,30.769],[22.061,22.083]],"c":true},"ix":2},"nm":"Path 1","mn":"ADBE Vector Shape - Group","hd":false},{"ind":1,"ty":"sh","ix":2,"ks":{"a":0,"k":{"i":[[0,0],[1.916,-0.958],[0,0],[0,0],[-0.958,-1.915],[0,0],[0,0],[-1.916,0.957],[0,0],[0,0],[0.958,1.916],[0,0]],"o":[[-1.057,-2.085],[0,0],[0,0],[-2.084,1.058],[0,0],[0,0],[1.057,2.084],[0,0],[0,0],[2.084,-1.058],[0,0],[0,0]],"v":[[-0.992,-34.716],[-6.469,-36.498],[-6.486,-36.49],[-26.009,-26.378],[-27.79,-20.901],[-27.78,-20.883],[0.992,34.719],[6.47,36.499],[6.487,36.491],[26.009,26.38],[27.79,20.902],[27.781,20.885]],"c":true},"ix":2},"nm":"Path 2","mn":"ADBE Vector Shape - Group","hd":false},{"ty":"mm","mm":1,"nm":"Merge Paths 1","mn":"ADBE Vector Filter - Merge","hd":false},{"ty":"fl","c":{"a":0,"k":[0.081999999402,0.361000001197,0.620000023935,1],"ix":4},"o":{"a":0,"k":100,"ix":5},"r":1,"bm":0,"nm":"Fill 1","mn":"ADBE Vector Graphic - Fill","hd":false},{"ty":"tr","p":{"a":1,"k":[{"i":{"x":0.667,"y":1},"o":{"x":0.333,"y":0},"t":21,"s":[221.136,120.603],"to":[0.033,0.499],"ti":[0,0]},{"i":{"x":0.667,"y":1},"o":{"x":0.333,"y":0},"t":25,"s":[221.331,123.597],"to":[0,0],"ti":[0.033,0.499]},{"t":30.0000012219251,"s":[221.136,120.603]}],"ix":2},"a":{"a":0,"k":[0,0],"ix":1},"s":{"a":0,"k":[100,100],"ix":3},"r":{"a":1,"k":[{"i":{"x":[0],"y":[1]},"o":{"x":[0.333],"y":[0]},"t":21,"s":[-1.568]},{"i":{"x":[0.667],"y":[1]},"o":{"x":[0.724],"y":[0]},"t":26,"s":[4.412]},{"t":30.0000012219251,"s":[-1.568]}],"ix":6},"o":{"a":0,"k":100,"ix":7},"sk":{"a":0,"k":0,"ix":4},"sa":{"a":0,"k":0,"ix":5},"nm":"Transform"}],"nm":"Group 1","np":4,"cix":2,"bm":0,"ix":1,"mn":"ADBE Vector Group","hd":false},{"ty":"gr","it":[{"ind":0,"ty":"sh","ix":1,"ks":{"a":0,"k":{"i":[[0,0],[-0.622,0.31],[0,0],[0.311,0.622],[0,0],[0.622,-0.311],[0,0],[-0.311,-0.622]],"o":[[0.312,0.622],[0,0],[0.622,-0.311],[0,0],[-0.311,-0.622],[0,0],[-0.622,0.311],[0,0]],"v":[[3.499,33.437],[5.21,33.981],[24.728,23.873],[25.271,22.162],[-3.499,-33.435],[-5.21,-33.98],[-24.727,-23.871],[-25.271,-22.16]],"c":true},"ix":2},"nm":"Path 1","mn":"ADBE Vector Shape - Group","hd":false},{"ty":"fl","c":{"a":0,"k":[1,1,1,1],"ix":4},"o":{"a":0,"k":100,"ix":5},"r":1,"bm":0,"nm":"Fill 1","mn":"ADBE Vector Graphic - Fill","hd":false},{"ty":"tr","p":{"a":0,"k":[221.136,120.603],"ix":2},"a":{"a":0,"k":[0,0],"ix":1},"s":{"a":0,"k":[100,100],"ix":3},"r":{"a":0,"k":0,"ix":6},"o":{"a":0,"k":100,"ix":7},"sk":{"a":0,"k":0,"ix":4},"sa":{"a":0,"k":0,"ix":5},"nm":"Transform"}],"nm":"Group 2","np":2,"cix":2,"bm":0,"ix":2,"mn":"ADBE Vector Group","hd":false},{"ty":"gr","it":[{"ty":"gr","it":[{"ty":"gr","it":[{"ind":0,"ty":"sh","ix":1,"ks":{"a":0,"k":{"i":[[0,0],[-4.129,-4.129],[4.132,-4.132],[0,0],[0,0],[4.13,4.129],[-4.132,4.132],[0,0]],"o":[[4.133,-4.123],[4.132,4.133],[0,0],[0,0],[-4.133,4.123],[-4.132,-4.133],[0,0],[0,0]],"v":[[-5.247,-9.738],[9.768,-9.729],[9.768,5.296],[9.758,5.305],[5.247,9.738],[-9.768,9.729],[-9.768,-5.296],[-9.758,-5.304]],"c":true},"ix":2},"nm":"Path 1","mn":"ADBE Vector Shape - Group","hd":false},{"ind":1,"ty":"sh","ix":2,"ks":{"a":0,"k":{"i":[[1.93,1.93],[1.933,-1.933],[0,0],[0,0],[-1.93,-1.93],[-1.933,1.933],[0,0],[0,0]],"o":[[-1.932,-1.933],[0,0],[0,0],[-1.925,1.933],[1.933,1.933],[0,0],[0,0],[1.925,-1.933]],"v":[[5.785,-5.745],[-1.275,-5.745],[-1.284,-5.738],[-5.793,-1.305],[-5.785,5.745],[1.275,5.745],[1.284,5.738],[5.792,1.306]],"c":true},"ix":2},"nm":"Path 2","mn":"ADBE Vector Shape - Group","hd":false},{"ty":"mm","mm":1,"nm":"Merge Paths 1","mn":"ADBE Vector Filter - Merge","hd":false},{"ty":"fl","c":{"a":0,"k":[0.081999999402,0.361000001197,0.620000023935,1],"ix":4},"o":{"a":0,"k":100,"ix":5},"r":1,"bm":0,"nm":"Fill 1","mn":"ADBE Vector Graphic - Fill","hd":false},{"ty":"tr","p":{"a":0,"k":[95.323,164.654],"ix":2},"a":{"a":0,"k":[0,0],"ix":1},"s":{"a":0,"k":[100,100],"ix":3},"r":{"a":0,"k":0,"ix":6},"o":{"a":0,"k":100,"ix":7},"sk":{"a":0,"k":0,"ix":4},"sa":{"a":0,"k":0,"ix":5},"nm":"Transform"}],"nm":"Group 9","np":4,"cix":2,"bm":0,"ix":1,"mn":"ADBE Vector Group","hd":false},{"ty":"gr","it":[{"ind":0,"ty":"sh","ix":1,"ks":{"a":0,"k":{"i":[[0,0],[3.033,3.032],[-3.032,3.033],[0,0],[-3.032,-3.033],[3.033,-3.033]],"o":[[-3.032,3.032],[-3.032,-3.032],[0,0],[3.032,-3.033],[3.033,3.034],[0,0]],"v":[[3.266,7.738],[-7.777,7.738],[-7.777,-3.304],[-3.266,-7.736],[7.775,-7.736],[7.775,3.306]],"c":true},"ix":2},"nm":"Path 1","mn":"ADBE Vector Shape - Group","hd":false},{"ty":"fl","c":{"a":0,"k":[1,1,1,1],"ix":4},"o":{"a":0,"k":100,"ix":5},"r":1,"bm":0,"nm":"Fill 1","mn":"ADBE Vector Graphic - Fill","hd":false},{"ty":"tr","p":{"a":0,"k":[95.323,164.652],"ix":2},"a":{"a":0,"k":[0,0],"ix":1},"s":{"a":0,"k":[100,100],"ix":3},"r":{"a":0,"k":0,"ix":6},"o":{"a":0,"k":100,"ix":7},"sk":{"a":0,"k":0,"ix":4},"sa":{"a":0,"k":0,"ix":5},"nm":"Transform"}],"nm":"Group 10","np":2,"cix":2,"bm":0,"ix":2,"mn":"ADBE Vector Group","hd":false},{"ty":"tr","p":{"a":1,"k":[{"i":{"x":0.667,"y":1},"o":{"x":0.855,"y":0},"t":12,"s":[95.323,164.654],"to":[-0.166,0.013],"ti":[0,0]},{"i":{"x":0.667,"y":1},"o":{"x":0.852,"y":0},"t":15,"s":[94.326,164.733],"to":[0,0],"ti":[-0.166,0.013]},{"t":20.0000008146167,"s":[95.323,164.654]}],"ix":2},"a":{"a":0,"k":[95.323,164.654],"ix":1},"s":{"a":0,"k":[100,100],"ix":3},"r":{"a":0,"k":0,"ix":6},"o":{"a":0,"k":100,"ix":7},"sk":{"a":0,"k":0,"ix":4},"sa":{"a":0,"k":0,"ix":5},"nm":"Transform"}],"nm":"Group 12","np":2,"cix":2,"bm":0,"ix":1,"mn":"ADBE Vector Group","hd":false},{"ty":"gr","it":[{"ty":"gr","it":[{"ind":0,"ty":"sh","ix":1,"ks":{"a":0,"k":{"i":[[0,0],[-4.055,-4.054],[4.054,-4.056],[0,0],[3.999,4.092],[-4.05,4.05]],"o":[[4.055,-4.054],[4.054,4.056],[0,0],[-4.036,4.036],[-4.041,-4.056],[0,0]],"v":[[-2.458,-12.191],[12.178,-12.191],[12.178,2.446],[2.458,12.165],[-12.191,12.152],[-12.178,-2.469]],"c":true},"ix":2},"nm":"Path 1","mn":"ADBE Vector Shape - Group","hd":false},{"ind":1,"ty":"sh","ix":2,"ks":{"a":0,"k":{"i":[[1.855,1.856],[1.855,-1.855],[0,0],[-1.855,-1.854],[0,0],[0,0],[-1.87,1.87],[0,0]],"o":[[-1.855,-1.855],[0,0],[-1.855,1.856],[0,0],[0,0],[1.757,1.804],[0,0],[1.855,-1.854]],"v":[[8.195,-8.208],[1.525,-8.208],[-8.195,1.512],[-8.195,8.182],[-8.182,8.196],[-8.169,8.209],[-1.525,8.182],[8.195,-1.538]],"c":true},"ix":2},"nm":"Path 2","mn":"ADBE Vector Shape - Group","hd":false},{"ty":"mm","mm":1,"nm":"Merge Paths 1","mn":"ADBE Vector Filter - Merge","hd":false},{"ty":"fl","c":{"a":0,"k":[0.081999999402,0.361000001197,0.620000023935,1],"ix":4},"o":{"a":0,"k":100,"ix":5},"r":1,"bm":0,"nm":"Fill 1","mn":"ADBE Vector Graphic - Fill","hd":false},{"ty":"tr","p":{"a":0,"k":[121.386,183.903],"ix":2},"a":{"a":0,"k":[0,0],"ix":1},"s":{"a":0,"k":[100,100],"ix":3},"r":{"a":0,"k":0,"ix":6},"o":{"a":0,"k":100,"ix":7},"sk":{"a":0,"k":0,"ix":4},"sa":{"a":0,"k":0,"ix":5},"nm":"Transform"}],"nm":"Group 3","np":4,"cix":2,"bm":0,"ix":1,"mn":"ADBE Vector Group","hd":false},{"ty":"gr","it":[{"ind":0,"ty":"sh","ix":1,"ks":{"a":0,"k":{"i":[[0,0],[2.877,2.955],[-2.955,2.955],[0,0],[-2.954,-2.955],[2.955,-2.955]],"o":[[-2.955,2.955],[-2.955,-2.955],[0,0],[2.955,-2.955],[2.955,2.955],[0,0]],"v":[[0.467,10.187],[-10.186,10.187],[-10.186,-0.467],[-0.467,-10.186],[10.186,-10.186],[10.186,0.467]],"c":true},"ix":2},"nm":"Path 1","mn":"ADBE Vector Shape - Group","hd":false},{"ty":"fl","c":{"a":0,"k":[1,1,1,1],"ix":4},"o":{"a":0,"k":100,"ix":5},"r":1,"bm":0,"nm":"Fill 1","mn":"ADBE Vector Graphic - Fill","hd":false},{"ty":"tr","p":{"a":0,"k":[122.383,183.82],"ix":2},"a":{"a":0,"k":[0,0],"ix":1},"s":{"a":0,"k":[100,100],"ix":3},"r":{"a":0,"k":0,"ix":6},"o":{"a":0,"k":100,"ix":7},"sk":{"a":0,"k":0,"ix":4},"sa":{"a":0,"k":0,"ix":5},"nm":"Transform"}],"nm":"Group 4","np":2,"cix":2,"bm":0,"ix":2,"mn":"ADBE Vector Group","hd":false},{"ty":"tr","p":{"a":0,"k":[121.386,183.891],"ix":2},"a":{"a":0,"k":[121.386,183.891],"ix":1},"s":{"a":0,"k":[100,100],"ix":3},"r":{"a":0,"k":0,"ix":6},"o":{"a":0,"k":100,"ix":7},"sk":{"a":0,"k":0,"ix":4},"sa":{"a":0,"k":0,"ix":5},"nm":"Transform"}],"nm":"Group 11","np":2,"cix":2,"bm":0,"ix":2,"mn":"ADBE Vector Group","hd":false},{"ty":"gr","it":[{"ty":"gr","it":[{"ind":0,"ty":"sh","ix":1,"ks":{"a":0,"k":{"i":[[0,0],[-4.486,-4.386],[0,0],[0,0],[4.384,-4.487],[0,0],[0,0],[4.486,4.385],[0,0],[0,0],[-4.384,4.487],[0,0]],"o":[[4.55,-4.549],[0,0],[0,0],[4.549,4.55],[0,0],[0,0],[-4.549,4.549],[0,0],[0,0],[-4.55,-4.55],[0,0],[0,0]],"v":[[-4.285,-11.984],[11.96,-12.005],[11.972,-11.994],[11.984,-11.984],[12.006,4.262],[11.995,4.273],[4.285,11.984],[-11.96,12.006],[-11.972,11.995],[-11.983,11.984],[-12.006,-4.262],[-11.994,-4.273]],"c":true},"ix":2},"nm":"Path 1","mn":"ADBE Vector Shape - Group","hd":false},{"ind":1,"ty":"sh","ix":2,"ks":{"a":0,"k":{"i":[[2.278,2.29],[2.289,-2.289],[0,0],[-2.278,-2.291],[-2.289,2.289],[0,0]],"o":[[-2.357,-2.292],[0,0],[-2.289,2.353],[2.357,2.291],[0,0],[2.29,-2.353]],"v":[[8.012,-7.99],[-0.303,-8.001],[-7.988,-0.316],[-8.012,7.989],[0.303,8.001],[7.988,0.316]],"c":true},"ix":2},"nm":"Path 2","mn":"ADBE Vector Shape - Group","hd":false},{"ty":"mm","mm":1,"nm":"Merge Paths 1","mn":"ADBE Vector Filter - Merge","hd":false},{"ty":"fl","c":{"a":0,"k":[0.081999999402,0.361000001197,0.620000023935,1],"ix":4},"o":{"a":0,"k":100,"ix":5},"r":1,"bm":0,"nm":"Fill 1","mn":"ADBE Vector Graphic - Fill","hd":false},{"ty":"tr","p":{"a":0,"k":[109.825,173.362],"ix":2},"a":{"a":0,"k":[0,0],"ix":1},"s":{"a":0,"k":[100,100],"ix":3},"r":{"a":0,"k":0,"ix":6},"o":{"a":0,"k":100,"ix":7},"sk":{"a":0,"k":0,"ix":4},"sa":{"a":0,"k":0,"ix":5},"nm":"Transform"}],"nm":"Group 5","np":4,"cix":2,"bm":0,"ix":1,"mn":"ADBE Vector Group","hd":false},{"ty":"gr","it":[{"ind":0,"ty":"sh","ix":1,"ks":{"a":0,"k":{"i":[[0,0],[3.422,3.343],[-3.343,3.421],[0,0],[-3.421,-3.344],[3.344,-3.422]],"o":[[-3.421,3.421],[-3.421,-3.423],[0,0],[3.421,-3.421],[3.422,3.421],[0,0]],"v":[[2.294,9.992],[-9.993,9.992],[-9.993,-2.294],[-2.295,-9.992],[9.992,-9.992],[9.992,2.294]],"c":true},"ix":2},"nm":"Path 1","mn":"ADBE Vector Shape - Group","hd":false},{"ty":"fl","c":{"a":0,"k":[1,1,1,1],"ix":4},"o":{"a":0,"k":100,"ix":5},"r":1,"bm":0,"nm":"Fill 1","mn":"ADBE Vector Graphic - Fill","hd":false},{"ty":"tr","p":{"a":0,"k":[109.826,173.363],"ix":2},"a":{"a":0,"k":[0,0],"ix":1},"s":{"a":0,"k":[100,100],"ix":3},"r":{"a":0,"k":0,"ix":6},"o":{"a":0,"k":100,"ix":7},"sk":{"a":0,"k":0,"ix":4},"sa":{"a":0,"k":0,"ix":5},"nm":"Transform"}],"nm":"Group 6","np":2,"cix":2,"bm":0,"ix":2,"mn":"ADBE Vector Group","hd":false},{"ty":"tr","p":{"a":0,"k":[109.825,173.362],"ix":2},"a":{"a":0,"k":[109.825,173.362],"ix":1},"s":{"a":0,"k":[100,100],"ix":3},"r":{"a":0,"k":0,"ix":6},"o":{"a":0,"k":100,"ix":7},"sk":{"a":0,"k":0,"ix":4},"sa":{"a":0,"k":0,"ix":5},"nm":"Transform"}],"nm":"Group 13","np":2,"cix":2,"bm":0,"ix":3,"mn":"ADBE Vector Group","hd":false},{"ty":"gr","it":[{"ty":"gr","it":[{"ind":0,"ty":"sh","ix":1,"ks":{"a":0,"k":{"i":[[0,0],[-4.288,-4.288],[4.288,-4.287],[0,0],[4.288,4.288],[-4.288,4.288]],"o":[[4.287,-4.288],[4.288,4.288],[0,0],[-4.288,4.288],[-4.288,-4.288],[0,0]],"v":[[-5.451,-10.117],[10.117,-10.117],[10.117,5.451],[5.452,10.117],[-10.117,10.117],[-10.117,-5.452]],"c":true},"ix":2},"nm":"Path 1","mn":"ADBE Vector Shape - Group","hd":false},{"ind":1,"ty":"sh","ix":2,"ks":{"a":0,"k":{"i":[[2.088,2.089],[2.088,-2.087],[0,0],[-2.089,-2.088],[-2.088,2.089],[0,0]],"o":[[-2.089,-2.087],[0,0],[-2.089,2.088],[2.088,2.089],[0,0],[2.088,-2.088]],"v":[[6.135,-6.135],[-1.469,-6.135],[-6.134,-1.469],[-6.134,6.134],[1.469,6.134],[6.135,1.469]],"c":true},"ix":2},"nm":"Path 2","mn":"ADBE Vector Shape - Group","hd":false},{"ty":"mm","mm":1,"nm":"Merge Paths 1","mn":"ADBE Vector Filter - Merge","hd":false},{"ty":"fl","c":{"a":0,"k":[0.081999999402,0.361000001197,0.620000023935,1],"ix":4},"o":{"a":0,"k":100,"ix":5},"r":1,"bm":0,"nm":"Fill 1","mn":"ADBE Vector Graphic - Fill","hd":false},{"ty":"tr","p":{"a":0,"k":[134.941,193.579],"ix":2},"a":{"a":0,"k":[0,0],"ix":1},"s":{"a":0,"k":[100,100],"ix":3},"r":{"a":0,"k":0,"ix":6},"o":{"a":0,"k":100,"ix":7},"sk":{"a":0,"k":0,"ix":4},"sa":{"a":0,"k":0,"ix":5},"nm":"Transform"}],"nm":"Group 7","np":4,"cix":2,"bm":0,"ix":1,"mn":"ADBE Vector Group","hd":false},{"ty":"gr","it":[{"ind":0,"ty":"sh","ix":1,"ks":{"a":0,"k":{"i":[[0,0],[3.188,3.188],[-3.188,3.188],[0,0],[-3.188,-3.189],[3.188,-3.189]],"o":[[-3.188,3.188],[-3.188,-3.188],[0,0],[3.188,-3.189],[3.188,3.188],[0,0]],"v":[[3.46,8.126],[-8.126,8.126],[-8.126,-3.46],[-3.46,-8.125],[8.126,-8.125],[8.126,3.461]],"c":true},"ix":2},"nm":"Path 1","mn":"ADBE Vector Shape - Group","hd":false},{"ty":"fl","c":{"a":0,"k":[1,1,1,1],"ix":4},"o":{"a":0,"k":100,"ix":5},"r":1,"bm":0,"nm":"Fill 1","mn":"ADBE Vector Graphic - Fill","hd":false},{"ty":"tr","p":{"a":0,"k":[134.941,193.579],"ix":2},"a":{"a":0,"k":[0,0],"ix":1},"s":{"a":0,"k":[100,100],"ix":3},"r":{"a":0,"k":0,"ix":6},"o":{"a":0,"k":100,"ix":7},"sk":{"a":0,"k":0,"ix":4},"sa":{"a":0,"k":0,"ix":5},"nm":"Transform"}],"nm":"Group 8","np":2,"cix":2,"bm":0,"ix":2,"mn":"ADBE Vector Group","hd":false},{"ty":"tr","p":{"a":0,"k":[134.941,193.579],"ix":2},"a":{"a":0,"k":[134.941,193.579],"ix":1},"s":{"a":0,"k":[100,100],"ix":3},"r":{"a":0,"k":0,"ix":6},"o":{"a":0,"k":100,"ix":7},"sk":{"a":0,"k":0,"ix":4},"sa":{"a":0,"k":0,"ix":5},"nm":"Transform"}],"nm":"Group 14","np":2,"cix":2,"bm":0,"ix":4,"mn":"ADBE Vector Group","hd":false},{"ty":"tr","p":{"a":1,"k":[{"i":{"x":0.667,"y":1},"o":{"x":1,"y":0},"t":14,"s":[115.365,179.369],"to":[-0.333,0.333],"ti":[0,0]},{"i":{"x":0.13,"y":1},"o":{"x":0.114,"y":0},"t":19,"s":[113.365,181.369],"to":[0,0],"ti":[-0.333,0.333]},{"t":30.0000012219251,"s":[115.365,179.369]}],"ix":2},"a":{"a":0,"k":[115.365,179.369],"ix":1},"s":{"a":0,"k":[100,100],"ix":3},"r":{"a":0,"k":0,"ix":6},"o":{"a":0,"k":100,"ix":7},"sk":{"a":0,"k":0,"ix":4},"sa":{"a":0,"k":0,"ix":5},"nm":"Transform"}],"nm":"Group 15","np":4,"cix":2,"bm":0,"ix":3,"mn":"ADBE Vector Group","hd":false},{"ty":"gr","it":[{"ind":0,"ty":"sh","ix":1,"ks":{"a":0,"k":{"i":[[0.02,-0.024],[0,0],[-1.612,0.054],[-1.848,1.206],[-1.669,2.679],[-2.866,0.058],[-0.949,-0.17],[-0.283,-0.071],[-0.084,-0.024],[-0.025,-0.007],[0,0],[0,0],[0,0],[0.814,-2.696],[0,0],[0,0],[0,0],[0,0],[0,0],[2.143,-0.028],[4.104,0.519],[3.032,0.446],[5.645,0.429],[3.108,-1.608],[0.636,-0.584],[0.123,-0.142]],"o":[[0,0],[2.083,0.888],[2.243,-0.078],[3.794,-2.475],[2.415,-3.876],[1.478,-0.029],[0.479,0.087],[0.141,0.034],[0.042,0.012],[0,0],[0,0],[0,0],[0.001,0],[0,0],[0,0],[0,0],[0,0],[0,0],[-1.875,0.536],[-3.353,0.044],[-2.899,-0.366],[-5.731,-0.843],[-8.27,-0.587],[-1.566,0.811],[-0.319,0.292],[-0.032,0.037]],"v":[[-35.509,-20.697],[-49.426,2.335],[-43.893,3.469],[-37.773,1.412],[-29.576,-7.837],[-20.193,-12.614],[-16.438,-12.301],[-15.281,-12.053],[-14.943,-11.965],[-14.841,-11.937],[-14.807,-11.926],[-14.796,-11.923],[-14.787,-11.921],[-15.6,-9.224],[-14.785,-11.92],[-14.352,-11.79],[38.737,25.471],[50.11,15.714],[28.793,-22.852],[22.658,-22.094],[11.301,-22.935],[2.377,-24.187],[-14.872,-26.322],[-31.518,-23.675],[-34.775,-21.456],[-35.432,-20.789]],"c":true},"ix":2},"nm":"Path 1","mn":"ADBE Vector Shape - Group","hd":false},{"ind":1,"ty":"sh","ix":2,"ks":{"a":0,"k":{"i":[[-2.04,1.056],[-9.221,-0.656],[0,0],[0,0],[-5.863,-0.86],[-2.664,-0.337],[-2.95,0.038],[-1.04,0.626],[0,0],[0,0],[0,0],[0,0],[0.255,0.047],[1.001,-0.019],[0.928,-1.489],[4.934,-3.221],[3.476,-0.119],[3.931,2.376],[0,0],[0,0],[0,0],[0,0],[-0.001,0.002],[0,0],[0,0],[0,0],[-0.012,0.017],[-0.038,0.048],[-0.128,0.148],[-0.487,0.446]],"o":[[4.103,-2.124],[0,0],[0,0],[5.826,0.442],[2.976,0.437],[4.041,0.511],[3.044,-0.04],[0,0],[0,0],[0,0],[0,0],[-0.168,-0.039],[-0.701,-0.126],[-2.091,0.041],[-1.674,2.687],[-2.517,1.641],[-3.486,0.121],[0,0],[0,0],[0,0],[0,0],[-2.305,-1.617],[0,0],[0,0],[0,0],[0.01,-0.013],[0.025,-0.034],[0.075,-0.097],[0.256,-0.296],[0.975,-0.894]],"v":[[-34.107,-28.676],[-14.467,-31.939],[-14.46,-31.939],[-14.453,-31.938],[3.495,-29.717],[12.008,-28.522],[22.585,-27.725],[28.592,-28.821],[31.096,-30.329],[57.257,17.003],[39.083,32.595],[-16.8,-6.627],[-17.441,-6.759],[-20.083,-6.983],[-24.796,-4.858],[-34.695,6.13],[-43.699,9.096],[-54.846,5.861],[-57.257,4.405],[-40.199,-23.826],[-40.143,-23.905],[-37.839,-22.288],[-40.141,-23.909],[-40.139,-23.913],[-40.132,-23.921],[-40.119,-23.939],[-40.087,-23.984],[-39.992,-24.107],[-39.688,-24.476],[-38.581,-25.607]],"c":true},"ix":2},"nm":"Path 2","mn":"ADBE Vector Shape - Group","hd":false},{"ty":"mm","mm":1,"nm":"Merge Paths 1","mn":"ADBE Vector Filter - Merge","hd":false},{"ty":"fl","c":{"a":0,"k":[0.081999999402,0.361000001197,0.620000023935,1],"ix":4},"o":{"a":0,"k":100,"ix":5},"r":1,"bm":0,"nm":"Fill 1","mn":"ADBE Vector Graphic - Fill","hd":false},{"ty":"tr","p":{"a":0,"k":[168.231,131.694],"ix":2},"a":{"a":0,"k":[0,0],"ix":1},"s":{"a":0,"k":[100,100],"ix":3},"r":{"a":0,"k":0,"ix":6},"o":{"a":0,"k":100,"ix":7},"sk":{"a":0,"k":0,"ix":4},"sa":{"a":0,"k":0,"ix":5},"nm":"Transform"}],"nm":"Group 11","np":4,"cix":2,"bm":0,"ix":4,"mn":"ADBE Vector Group","hd":false},{"ty":"gr","it":[{"ind":0,"ty":"sh","ix":1,"ks":{"a":0,"k":{"i":[[0,0],[0,0],[0,0],[17.418,1.322],[0,0],[0,0],[-3.343,5.364],[0,0]],"o":[[0,0],[0,0],[-6.844,4.121],[-17.496,-1.244],[0,0],[14.153,8.554],[3.345,-5.366],[0,0]],"v":[[38.763,29.704],[53.536,17.029],[29.898,-25.737],[-14.813,-28.459],[-37.985,-21.616],[-53.536,4.121],[-27.332,-5.675],[-15.746,-8.552]],"c":true},"ix":2},"nm":"Path 1","mn":"ADBE Vector Shape - Group","hd":false},{"ty":"fl","c":{"a":0,"k":[1,1,1,1],"ix":4},"o":{"a":0,"k":100,"ix":5},"r":1,"bm":0,"nm":"Fill 1","mn":"ADBE Vector Graphic - Fill","hd":false},{"ty":"tr","p":{"a":0,"k":[168.377,131.022],"ix":2},"a":{"a":0,"k":[0,0],"ix":1},"s":{"a":0,"k":[100,100],"ix":3},"r":{"a":0,"k":0,"ix":6},"o":{"a":0,"k":100,"ix":7},"sk":{"a":0,"k":0,"ix":4},"sa":{"a":0,"k":0,"ix":5},"nm":"Transform"}],"nm":"Group 12","np":2,"cix":2,"bm":0,"ix":5,"mn":"ADBE Vector Group","hd":false},{"ty":"tr","p":{"a":1,"k":[{"i":{"x":0.669,"y":1},"o":{"x":1,"y":0},"t":9,"s":[165.907,145.292],"to":[0,0.5],"ti":[0,0]},{"i":{"x":0,"y":1},"o":{"x":0.331,"y":0},"t":21,"s":[165.907,148.292],"to":[0,0],"ti":[0,0.5]},{"t":33.0000013441176,"s":[165.907,145.292]}],"ix":2},"a":{"a":0,"k":[165.907,145.292],"ix":1},"s":{"a":0,"k":[100,100],"ix":3},"r":{"a":1,"k":[{"i":{"x":[0.01],"y":[1.015]},"o":{"x":[0.382],"y":[-0.006]},"t":6,"s":[0]},{"i":{"x":[0.67],"y":[1]},"o":{"x":[1],"y":[0]},"t":18,"s":[4.682]},{"t":30.0000012219251,"s":[0]}],"ix":6},"o":{"a":0,"k":100,"ix":7},"sk":{"a":0,"k":0,"ix":4},"sa":{"a":0,"k":0,"ix":5},"nm":"Transform"}],"nm":"Group 15","np":5,"cix":2,"bm":0,"ix":1,"mn":"ADBE Vector Group","hd":false},{"ty":"gr","it":[{"ty":"gr","it":[{"ind":0,"ty":"sh","ix":1,"ks":{"a":0,"k":{"i":[[0,0],[1.025,-1.434],[0,0],[0,0],[-1.873,-1.179],[-0.004,-0.002],[0,0],[-1.024,1.433],[0,0],[0,0],[1.873,1.179]],"o":[[-2.123,-1.448],[0,0],[0,0],[-1.315,1.937],[0.004,0.002],[0,0],[2.122,1.449],[0,0],[0,0],[1.315,-1.937],[0,0]],"v":[[9.685,-35.743],[4.123,-34.645],[4.078,-34.582],[-29.447,18.311],[-28.214,23.958],[-28.202,23.965],[-9.685,35.742],[-4.124,34.646],[-4.078,34.581],[29.447,-18.312],[28.214,-23.959]],"c":true},"ix":2},"nm":"Path 1","mn":"ADBE Vector Shape - Group","hd":false},{"ind":1,"ty":"sh","ix":2,"ks":{"a":0,"k":{"i":[[0,0],[0,0],[0,0],[0,0]],"o":[[0,0],[0,0],[0,0],[0,0]],"v":[[7.951,-30.172],[23.876,-20.043],[-7.951,30.171],[-23.876,20.042]],"c":true},"ix":2},"nm":"Path 2","mn":"ADBE Vector Shape - Group","hd":false},{"ty":"mm","mm":1,"nm":"Merge Paths 1","mn":"ADBE Vector Filter - Merge","hd":false},{"ty":"fl","c":{"a":0,"k":[0.081999999402,0.361000001197,0.620000023935,1],"ix":4},"o":{"a":0,"k":100,"ix":5},"r":1,"bm":0,"nm":"Fill 1","mn":"ADBE Vector Graphic - Fill","hd":false},{"ty":"tr","p":{"a":1,"k":[{"i":{"x":0.667,"y":1},"o":{"x":0.365,"y":0},"t":22,"s":[81.055,119.711],"to":[-0.324,0.184],"ti":[0,0]},{"i":{"x":0.667,"y":1},"o":{"x":0.984,"y":0},"t":26,"s":[79.111,120.816],"to":[0,0],"ti":[-0.324,0.184]},{"t":32.0000013033867,"s":[81.055,119.711]}],"ix":2},"a":{"a":0,"k":[0,0],"ix":1},"s":{"a":0,"k":[100,100],"ix":3},"r":{"a":1,"k":[{"i":{"x":[0.623],"y":[1]},"o":{"x":[1],"y":[0]},"t":23.111,"s":[0]},{"i":{"x":[0.017],"y":[1]},"o":{"x":[0.497],"y":[0]},"t":26.445,"s":[-3.168]},{"t":32.0000013033867,"s":[0]}],"ix":6},"o":{"a":0,"k":100,"ix":7},"sk":{"a":0,"k":0,"ix":4},"sa":{"a":0,"k":0,"ix":5},"nm":"Transform"}],"nm":"Group 13","np":4,"cix":2,"bm":0,"ix":1,"mn":"ADBE Vector Group","hd":false},{"ty":"gr","it":[{"ind":0,"ty":"sh","ix":1,"ks":{"a":0,"k":{"i":[[0.001,0],[0.015,0.008]],"o":[[0,0],[0.017,0.008]],"v":[[39.603,-36.266],[39.579,-36.278]],"c":true},"ix":2},"nm":"Path 1","mn":"ADBE Vector Shape - Group","hd":false},{"ind":1,"ty":"sh","ix":2,"ks":{"a":0,"k":{"i":[[-0.034,-0.004],[0,0]],"o":[[0.001,0],[-0.032,-0.002]],"v":[[-39.097,-45.881],[-39.095,-45.88]],"c":true},"ix":2},"nm":"Path 2","mn":"ADBE Vector Shape - Group","hd":false},{"ind":2,"ty":"sh","ix":3,"ks":{"a":0,"k":{"i":[[0,0],[0,0],[-0.836,1.312],[-1.312,-0.836],[0,0],[0,0],[-0.002,-0.001],[-0.734,-0.137],[-1.944,2.401],[0.275,0.423],[0.415,0.311],[0.18,0.157],[0.128,0.141],[0.103,0.148],[0.126,0.441],[0,0],[0,0],[-0.457,0.913],[-0.602,0.263],[-0.751,-0.046],[-1.398,-0.274],[-0.235,-0.045],[-4.533,-1.193],[0,0],[-1.726,1.087],[-0.59,0.722],[3.926,3.204],[0.011,0.004],[0.408,0.137],[1.374,0.384],[3.8,0.856],[3.41,0.534],[1.348,-0.133],[0.368,-0.045],[10.023,0.351],[0,0],[0,0],[4.503,0.895],[1.239,0.282],[0.162,0.037],[0.129,0.029],[4.737,-7.715],[-0.2,-0.143],[-0.544,-0.334],[-0.55,-0.359],[-1.688,-4.361],[0,0],[0,0],[-1.238,-1.959],[-1.148,-1.146],[-9.991,-4.642],[-2.262,-0.799],[-0.117,-0.041],[-0.91,-0.371],[-0.722,-0.632],[-0.086,-0.055],[-0.358,-0.216],[-0.413,-0.248],[-0.472,-0.284],[-3.39,-2.247],[0,0],[0,0],[-4.731,-0.821],[-1.377,0.66],[-0.705,1.304],[0,0],[-0.862,1.295],[-1.295,-0.862],[0,0],[-0.3,-0.039],[-0.727,0.104],[0,0],[0,0],[-1.101,1.697],[-0.02,0.038],[0.331,1.312],[0.216,0.367],[0.032,0.051],[0,0],[-0.83,1.315],[-1.315,-0.829],[0,0],[-0.003,-0.001],[-0.313,-0.094],[-0.977,-0.121],[-1.062,1.884]],"o":[[0,0],[-1.311,-0.836],[0.836,-1.311],[0,0],[0,0],[0.001,0.001],[0.016,0.012],[1.298,0.243],[2.527,-3.122],[-0.104,-0.161],[-0.201,-0.152],[-0.085,-0.076],[-0.065,-0.071],[-0.082,-0.118],[0,0],[0,0],[-0.164,-0.686],[0.457,-0.911],[1.052,-0.46],[1.382,0.085],[0.263,0.052],[1.535,0.259],[0,0],[4.788,1.266],[0.946,-0.596],[-0.467,-0.269],[-0.009,-0.003],[-0.189,-0.078],[-0.808,-0.271],[-2.74,-0.765],[-3.802,-0.857],[-3.505,-0.548],[-0.249,0.027],[-2.813,0.343],[0,0],[0,0],[-7.568,-0.319],[-1.963,-0.39],[-0.179,-0.04],[-0.146,-0.033],[-6.019,9.469],[0.167,0.138],[0.521,0.372],[0.402,0.247],[2.382,1.554],[0,0],[0,0],[0.41,1.075],[1.236,1.957],[4.285,4.287],[2.073,0.963],[0.118,0.042],[1.145,0.405],[0.777,0.315],[-0.036,-0.031],[0.098,0.062],[0.308,0.186],[0.365,0.217],[1.966,1.179],[0,0],[0,0],[3.865,2.577],[2.344,0.408],[0.903,-0.433],[0,0],[-1.295,-0.862],[0.861,-1.294],[0,0],[0.204,0.038],[0.781,0.102],[0,0],[0,0],[1.376,-0.161],[0.018,-0.035],[0.376,-0.713],[-0.194,-0.714],[-0.037,-0.063],[0,0],[-1.315,-0.83],[0.829,-1.316],[0,0],[0.003,0.001],[0.16,0.058],[0.633,0.189],[2.06,0.257],[1.765,-3.133]],"v":[[49.932,20.333],[22.837,3.063],[21.975,-0.826],[25.865,-1.687],[53.434,15.887],[53.531,15.963],[53.536,15.966],[55.999,17.009],[61.202,14.837],[61.525,8.77],[16.333,-22.351],[15.743,-22.824],[15.402,-23.156],[15.135,-23.489],[14.723,-24.354],[14.706,-24.412],[14.691,-24.47],[14.947,-26.985],[16.751,-28.664],[19.742,-29.056],[24.253,-28.357],[25.003,-28.211],[41.63,-24.818],[41.633,-24.818],[50.96,-25.508],[53.212,-27.536],[39.473,-36.325],[39.445,-36.336],[38.557,-36.659],[35.249,-37.654],[25.092,-40.187],[13.93,-42.371],[6.445,-43.01],[5.519,-42.901],[-13.617,-42.142],[-13.626,-42.142],[-13.636,-42.142],[-31.96,-44.352],[-36.799,-45.396],[-37.311,-45.512],[-37.723,-45.605],[-61.758,-7.529],[-61.208,-7.108],[-59.682,-6.118],[-58.283,-5.237],[-51.559,2.859],[-51.557,2.865],[-51.554,2.87],[-48.947,7.747],[-45.195,12.691],[-21.895,26.905],[-15.111,29.531],[-14.758,29.656],[-11.59,30.829],[-9.02,32.238],[-8.964,32.266],[-8.309,32.672],[-7.234,33.315],[-5.984,34.062],[2.113,39.164],[2.116,39.165],[2.118,39.168],[16.152,45.471],[21.745,45.062],[24.23,42.589],[5.684,30.247],[4.9,26.342],[8.803,25.559],[28.807,38.868],[29.575,38.991],[31.962,39.034],[31.995,39.029],[32.031,39.025],[36.678,36.769],[36.734,36.661],[37.411,33.44],[36.728,31.802],[36.624,31.631],[13.518,17.066],[12.637,13.183],[16.521,12.302],[39.846,27.005],[39.854,27.008],[40.574,27.243],[43.059,27.772],[49.581,25.142]],"c":true},"ix":2},"nm":"Path 3","mn":"ADBE Vector Shape - Group","hd":false},{"ind":3,"ty":"sh","ix":4,"ks":{"a":0,"k":{"i":[[0,0],[0.09,-0.136],[2.746,-1.729],[6.097,1.611],[3.738,0.694],[-0.19,-0.126],[-1.85,-1.352],[0,0],[0,0],[-6.808,-4.653],[-1.485,-1.014],[-0.744,-0.542],[-0.019,-0.016],[0,0],[-0.034,-0.033],[-0.044,-0.047],[-0.095,-0.117],[-0.245,-0.377],[-0.392,-1.298],[3.081,-3.402],[2.849,0.206],[0.377,-0.979],[1.524,-1.231],[0,0],[2.575,0.216],[-0.017,0.034],[0,0],[0,0],[1.325,-0.155],[0,0],[0.924,0.088],[2.291,-1.097],[2.973,0.517],[4.066,2.71],[1.921,1.153],[0.371,0.22],[0.312,0.188],[0,0],[0.385,0.336],[0.069,0.035],[0.557,0.226],[1.169,0.413],[0.143,0.051],[2.327,1.082],[5.046,5.045],[1.331,2.106],[0.601,1.569],[1.815,1.185],[0.374,0.232],[0.626,0.448],[0.891,1.447],[0,0],[0,0],[-6.49,10.209],[-0.284,0.446],[0,0],[0,0],[-0.185,-0.021],[-0.233,-0.044],[-0.642,-0.145],[-0.181,-0.041],[-1.883,-0.374],[-7.201,-0.304]],"o":[[-0.069,0.1],[-0.786,1.18],[-3.211,2.024],[-3.213,-0.845],[0.188,0.124],[3.288,2.175],[0,0],[0,0],[1.4,1.069],[1.566,1.07],[4.611,3.148],[0.088,0.062],[0,0],[0.074,0.061],[0.072,0.068],[0.092,0.1],[0.194,0.238],[0.485,0.747],[0.816,2.702],[-3.029,3.407],[-0.101,1.211],[-0.71,1.843],[0,0],[-2.823,2.278],[0.268,3.338],[0,0],[0,0],[-2.613,4.247],[0,0],[-1.148,0.16],[-1.224,2.558],[-2.829,1.355],[-5.898,-1.024],[-3.296,-2.185],[-0.432,-0.259],[-0.436,-0.26],[0,0],[-0.481,-0.291],[0.038,0.033],[-0.111,-0.057],[-0.767,-0.313],[-0.137,-0.048],[-2.199,-0.775],[-10.035,-4.663],[-1.573,-1.574],[-1.327,-2.101],[-1.11,-2.867],[-0.281,-0.183],[-0.7,-0.434],[-1.103,-0.789],[0,0],[0,0],[3.428,-5.738],[0.333,-0.524],[0,0],[0,0],[0.429,-0.057],[0.236,0.026],[0.464,0.087],[0.167,0.038],[1.239,0.282],[4.3,0.855],[0,0]],"v":[[59.327,-26.405],[59.089,-26.05],[53.96,-20.743],[40.197,-19.372],[26.585,-22.202],[27.15,-21.827],[35.809,-15.971],[35.833,-15.954],[35.857,-15.936],[50.968,-5.476],[55.581,-2.325],[64.782,3.99],[64.947,4.116],[64.952,4.12],[65.118,4.267],[65.294,4.446],[65.577,4.775],[66.249,5.703],[67.704,8.816],[65.402,18.587],[56.169,22.701],[55.361,26.066],[51.936,31.105],[51.934,31.105],[43.098,33.438],[41.643,39.427],[41.587,39.538],[41.523,39.643],[32.738,44.613],[32.719,44.615],[29.499,44.648],[24.178,50.141],[15.189,51.021],[-1.001,43.857],[-8.882,38.891],[-10.091,38.169],[-11.223,37.491],[-11.231,37.486],[-12.729,36.477],[-12.762,36.473],[-13.712,36.046],[-16.636,34.966],[-17.057,34.816],[-24.268,32.012],[-49.178,16.676],[-53.708,10.755],[-56.813,4.888],[-61.361,-0.521],[-62.362,-1.151],[-64.482,-2.526],[-67.625,-5.767],[-68.52,-7.222],[-67.645,-8.687],[-42.402,-48.742],[-41.477,-50.199],[-40.772,-51.307],[-39.472,-51.48],[-38.468,-51.477],[-37.753,-51.366],[-36.066,-51.005],[-35.546,-50.887],[-30.862,-49.876],[-13.41,-47.77]],"c":false},"ix":2},"nm":"Path 4","mn":"ADBE Vector Shape - Group","hd":false},{"ind":4,"ty":"sh","ix":5,"ks":{"a":0,"k":{"i":[[0,0],[-2.794,0.34],[-0.267,0.028],[0,0],[0,0],[-3.47,-0.543],[-3.877,-0.873],[-2.845,-0.795],[-0.938,-0.315],[-0.357,-0.147],[0,0],[-0.458,-0.379],[-3.117,-1.752],[-0.252,-0.141],[-0.798,-0.512],[-0.438,-0.451],[-0.229,-0.627],[0.66,-0.957]],"o":[[9.569,0.334],[0.383,-0.046],[0,0],[0,0],[2.154,-0.215],[3.574,0.56],[3.877,0.874],[1.419,0.396],[0.465,0.156],[0,0],[0.235,0.097],[3.562,2.937],[0.259,0.145],[1.21,0.677],[0.457,0.294],[0.208,0.214],[0.279,0.763],[0,0]],"v":[[-13.41,-47.77],[4.882,-48.497],[5.855,-48.611],[5.865,-48.613],[5.874,-48.614],[14.801,-47.935],[26.331,-45.682],[36.764,-43.078],[40.35,-41.998],[41.6,-41.54],[41.605,-41.537],[42.863,-40.828],[53.51,-33.832],[54.277,-33.402],[57.396,-31.591],[58.855,-30.459],[59.673,-29.19],[59.327,-26.406]],"c":false},"ix":2},"nm":"Path 5","mn":"ADBE Vector Shape - Group","hd":false},{"ty":"mm","mm":1,"nm":"Merge Paths 1","mn":"ADBE Vector Filter - Merge","hd":false},{"ty":"fl","c":{"a":0,"k":[0.081999999402,0.361000001197,0.620000023935,1],"ix":4},"o":{"a":0,"k":100,"ix":5},"r":1,"bm":0,"nm":"Fill 1","mn":"ADBE Vector Graphic - Fill","hd":false},{"ty":"tr","p":{"a":0,"k":[144.065,154.285],"ix":2},"a":{"a":0,"k":[0,0],"ix":1},"s":{"a":0,"k":[100,100],"ix":3},"r":{"a":0,"k":0,"ix":6},"o":{"a":0,"k":100,"ix":7},"sk":{"a":0,"k":0,"ix":4},"sa":{"a":0,"k":0,"ix":5},"nm":"Transform"}],"nm":"Group 14","np":7,"cix":2,"bm":0,"ix":2,"mn":"ADBE Vector Group","hd":false},{"ty":"tr","p":{"a":1,"k":[{"i":{"x":0.667,"y":1},"o":{"x":1,"y":0},"t":11,"s":[131.572,144.451],"to":[0,0.333],"ti":[0,0]},{"i":{"x":0,"y":1},"o":{"x":0.333,"y":0},"t":23,"s":[131.572,146.451],"to":[0,0],"ti":[0,0.333]},{"t":35.0000014255792,"s":[131.572,144.451]}],"ix":2},"a":{"a":0,"k":[131.572,144.451],"ix":1},"s":{"a":0,"k":[100,100],"ix":3},"r":{"a":1,"k":[{"i":{"x":[0],"y":[0.989]},"o":{"x":[0.167],"y":[0.002]},"t":7,"s":[0]},{"i":{"x":[0.833],"y":[0.999]},"o":{"x":[1],"y":[-0.011]},"t":19,"s":[3.302]},{"t":31.0000012626559,"s":[0]}],"ix":6},"o":{"a":0,"k":100,"ix":7},"sk":{"a":0,"k":0,"ix":4},"sa":{"a":0,"k":0,"ix":5},"nm":"Transform"}],"nm":"Group 16","np":2,"cix":2,"bm":0,"ix":2,"mn":"ADBE Vector Group","hd":false}],"ip":0,"op":36.0000014663101,"st":0,"bm":0},{"ddd":0,"ind":2,"ty":1,"nm":"Base","sr":1,"ks":{"o":{"a":0,"k":0,"ix":11},"r":{"a":0,"k":0,"ix":10},"p":{"a":0,"k":[150,145,0],"ix":2},"a":{"a":0,"k":[140,140,0],"ix":1},"s":{"a":0,"k":[107.143,102.857,100],"ix":6}},"ao":0,"sw":280,"sh":280,"sc":"#ffffff","ip":0,"op":38.9843922222474,"st":0,"bm":0}],"markers":[]}