{"v":"5.5.4","fr":29.9700012207031,"ip":0,"op":35.0000014255792,"w":300,"h":290,"nm":"i10-iconSet-6th","ddd":0,"assets":[],"fonts":{"list":[{"fName":"Teko-Bold","fFamily":"Teko","fStyle":"Bold","ascent":66.8991088867188}]},"layers":[{"ddd":0,"ind":1,"ty":4,"nm":"Shape Layer 3","sr":1,"ks":{"o":{"a":0,"k":100,"ix":11},"r":{"a":0,"k":0,"ix":10},"p":{"a":0,"k":[150,145,0],"ix":2},"a":{"a":0,"k":[0,0,0],"ix":1},"s":{"a":0,"k":[100,100,100],"ix":6}},"ao":0,"shapes":[{"ty":"gr","it":[{"d":1,"ty":"el","s":{"a":0,"k":[3.75,3.75],"ix":2},"p":{"a":0,"k":[0,0],"ix":3},"nm":"Ellipse Path 1","mn":"ADBE Vector Shape - Ellipse","hd":false},{"ty":"fl","c":{"a":0,"k":[0.043137254902,0.278431372549,0.525490196078,1],"ix":4},"o":{"a":0,"k":100,"ix":5},"r":1,"bm":0,"nm":"Fill 1","mn":"ADBE Vector Graphic - Fill","hd":false},{"ty":"tr","p":{"a":0,"k":[2.125,28.875],"ix":2},"a":{"a":0,"k":[0,0],"ix":1},"s":{"a":0,"k":[100,100],"ix":3},"r":{"a":0,"k":0,"ix":6},"o":{"a":0,"k":100,"ix":7},"sk":{"a":0,"k":0,"ix":4},"sa":{"a":0,"k":0,"ix":5},"nm":"Transform"}],"nm":"Ellipse 1","np":3,"cix":2,"bm":0,"ix":1,"mn":"ADBE Vector Group","hd":false}],"ip":0,"op":35.0000014255792,"st":0,"bm":0},{"ddd":0,"ind":2,"ty":4,"nm":"Shape Layer 1","sr":1,"ks":{"o":{"a":0,"k":100,"ix":11},"r":{"a":0,"k":0,"ix":10},"p":{"a":0,"k":[150,145,0],"ix":2},"a":{"a":0,"k":[0,0,0],"ix":1},"s":{"a":0,"k":[96.386,101.241,100],"ix":6}},"ao":0,"shapes":[{"ty":"gr","it":[{"ty":"rc","d":1,"s":{"a":0,"k":[165.5,0.25],"ix":2},"p":{"a":0,"k":[0,0],"ix":3},"r":{"a":0,"k":0,"ix":4},"nm":"Rectangle Path 1","mn":"ADBE Vector Shape - Rect","hd":false},{"ty":"st","c":{"a":0,"k":[0.043137000589,0.278430983599,0.525489956725,1],"ix":3},"o":{"a":0,"k":100,"ix":4},"w":{"a":0,"k":4,"ix":5},"lc":1,"lj":1,"ml":4,"bm":0,"nm":"Stroke 1","mn":"ADBE Vector Graphic - Stroke","hd":false},{"ty":"tr","p":{"a":0,"k":[0.25,35.375],"ix":2},"a":{"a":0,"k":[0,0],"ix":1},"s":{"a":0,"k":[100,100],"ix":3},"r":{"a":0,"k":0,"ix":6},"o":{"a":0,"k":100,"ix":7},"sk":{"a":0,"k":0,"ix":4},"sa":{"a":0,"k":0,"ix":5},"nm":"Transform"}],"nm":"Rectangle 1","np":3,"cix":2,"bm":0,"ix":1,"mn":"ADBE Vector Group","hd":false}],"ip":0,"op":35.0000014255792,"st":0,"bm":0},{"ddd":0,"ind":3,"ty":4,"nm":"circle outer","sr":1,"ks":{"o":{"a":0,"k":100,"ix":11},"r":{"a":0,"k":0,"ix":10},"p":{"a":0,"k":[161.803,139.906,0],"ix":2},"a":{"a":0,"k":[0,0,0],"ix":1},"s":{"a":0,"k":[102,102,100],"ix":6}},"ao":0,"shapes":[{"ty":"gr","it":[{"d":1,"ty":"el","s":{"a":0,"k":[175.5,175.5],"ix":2},"p":{"a":0,"k":[0,0],"ix":3},"nm":"Ellipse Path 1","mn":"ADBE Vector Shape - Ellipse","hd":false},{"ty":"st","c":{"a":0,"k":[0.043137000589,0.278430983599,0.525489956725,1],"ix":3},"o":{"a":0,"k":100,"ix":4},"w":{"a":0,"k":5,"ix":5},"lc":1,"lj":1,"ml":4,"bm":0,"nm":"Stroke 1","mn":"ADBE Vector Graphic - Stroke","hd":false},{"ty":"tr","p":{"a":0,"k":[-12.25,6.25],"ix":2},"a":{"a":0,"k":[0,0],"ix":1},"s":{"a":0,"k":[100,100],"ix":3},"r":{"a":0,"k":0,"ix":6},"o":{"a":0,"k":100,"ix":7},"sk":{"a":0,"k":0,"ix":4},"sa":{"a":0,"k":0,"ix":5},"nm":"Transform"}],"nm":"Ellipse 1","np":3,"cix":2,"bm":0,"ix":1,"mn":"ADBE Vector Group","hd":false}],"ip":0,"op":35.0000014255792,"st":0,"bm":0},{"ddd":0,"ind":4,"ty":5,"nm":"RISK","sr":1,"ks":{"o":{"a":0,"k":100,"ix":11},"r":{"a":0,"k":0,"ix":10},"p":{"a":0,"k":[122.252,215,0],"ix":2},"a":{"a":0,"k":[0,0,0],"ix":1},"s":{"a":0,"k":[100,100,100],"ix":6}},"ao":0,"t":{"d":{"k":[{"s":{"s":32,"f":"Teko-Bold","t":"RISK","j":0,"tr":0,"lh":38.4,"ls":0,"fc":[0.043,0.278,0.525]},"t":0}]},"p":{},"m":{"g":1,"a":{"a":0,"k":[0,0],"ix":2}},"a":[]},"ip":0,"op":35.0000014255792,"st":0,"bm":0},{"ddd":0,"ind":7,"ty":5,"nm":" HIGH","sr":1,"ks":{"o":{"a":0,"k":100,"ix":11},"r":{"a":0,"k":0,"ix":10},"p":{"a":0,"k":[80.5,153.5,0],"ix":2},"a":{"a":0,"k":[0,0,0],"ix":1},"s":{"a":0,"k":[100,100,100],"ix":6}},"ao":0,"hasMask":true,"masksProperties":[{"inv":false,"mode":"n","pt":{"a":0,"k":{"i":[[-12,1.5],[0,20],[35.5,0]],"o":[[40.383,-5.048],[0,-34],[-27,0]],"v":[[76.5,50],[131.5,-6],[72,-65.5]],"c":false},"ix":1},"o":{"a":0,"k":100,"ix":3},"x":{"a":0,"k":0,"ix":4},"nm":"Mask 1"},{"inv":false,"mode":"n","pt":{"a":0,"k":{"i":[[0,0]],"o":[[0,0]],"v":[[-182,77]],"c":false},"ix":1},"o":{"a":0,"k":100,"ix":3},"x":{"a":0,"k":0,"ix":4},"nm":"Mask 2"}],"t":{"d":{"k":[{"s":{"s":20,"f":"Teko-Bold","t":" HIGH","j":0,"tr":0,"lh":24,"ls":0,"fc":[0.043,0.278,0.525]},"t":0}]},"p":{"m":0,"f":{"a":1,"k":[{"i":{"x":[0.833],"y":[0.833]},"o":{"x":[0.167],"y":[0.167]},"t":0,"s":[32.07]},{"t":13.0000005295009,"s":[39.484]}],"ix":5},"l":{"a":0,"k":0,"ix":6},"a":0,"p":1,"r":1},"m":{"g":1,"a":{"a":0,"k":[0,0],"ix":2}},"a":[]},"ip":0,"op":35.0000014255792,"st":0,"bm":0},{"ddd":0,"ind":8,"ty":5,"nm":"LOW","sr":1,"ks":{"o":{"a":0,"k":100,"ix":11},"r":{"a":0,"k":0,"ix":10},"p":{"a":0,"k":[73.5,153.5,0],"ix":2},"a":{"a":0,"k":[0,0,0],"ix":1},"s":{"a":0,"k":[100,100,100],"ix":6}},"ao":0,"hasMask":true,"masksProperties":[{"inv":false,"mode":"n","pt":{"a":0,"k":{"i":[[14,0],[0,22],[-38,0]],"o":[[-39,0],[0,-36],[27,0]],"v":[[79,50.5],[15,-2.5],[73,-66]],"c":false},"ix":1},"o":{"a":0,"k":100,"ix":3},"x":{"a":0,"k":0,"ix":4},"nm":"Mask 1"},{"inv":false,"mode":"n","pt":{"a":0,"k":{"i":[[0,0]],"o":[[0,0]],"v":[[-182,77]],"c":false},"ix":1},"o":{"a":0,"k":100,"ix":3},"x":{"a":0,"k":0,"ix":4},"nm":"Mask 2"}],"t":{"d":{"k":[{"s":{"s":20,"f":"Teko-Bold","t":"LOW","j":0,"tr":0,"lh":24,"ls":0,"fc":[0.043,0.278,0.525]},"t":0}]},"p":{"m":0,"f":{"a":0,"k":110,"ix":5},"l":{"a":0,"k":0,"ix":6},"a":0,"p":1,"r":0},"m":{"g":1,"a":{"a":0,"k":[0,0],"ix":2}},"a":[]},"ip":0,"op":35.0000014255792,"st":0,"bm":0},{"ddd":0,"ind":9,"ty":4,"nm":"i10-iconSet-6th Outlines","sr":1,"ks":{"o":{"a":0,"k":100,"ix":11},"r":{"a":0,"k":0,"ix":10},"p":{"a":0,"k":[150,145,0],"ix":2},"a":{"a":0,"k":[150,145,0],"ix":1},"s":{"a":0,"k":[100,100,100],"ix":6}},"ao":0,"shapes":[{"ty":"gr","it":[{"ind":0,"ty":"sh","ix":1,"ks":{"a":0,"k":{"i":[[0.64,0],[0.169,-0.775],[1.554,-8.35],[2.053,13.608],[0,0]],"o":[[-0.638,0],[0,0],[-2.5,13.432],[-1.207,-7.998],[-0.166,-0.78]],"v":[[0.209,-36.7],[-1.235,-35.537],[-12.975,29.267],[12.971,30.148],[1.655,-35.529]],"c":true},"ix":2},"nm":"Path 1","mn":"ADBE Vector Shape - Group","hd":false},{"ind":1,"ty":"sh","ix":2,"ks":{"a":0,"k":{"i":[[0,0],[-1.132,-6.852],[-1.001,6.439]],"o":[[0,0],[1.132,6.852],[1.001,-6.439]],"v":[[0.17,-10.472],[5.923,25.146],[-4.893,25.27]],"c":true},"ix":2},"nm":"Path 2","mn":"ADBE Vector Shape - Group","hd":false},{"ind":2,"ty":"sh","ix":3,"ks":{"a":0,"k":{"i":[[0,0],[0,0]],"o":[[0,0],[0,0]],"v":[[3.65,-34.471],[3.655,-34.471]],"c":true},"ix":2},"nm":"Path 3","mn":"ADBE Vector Shape - Group","hd":false},{"ty":"mm","mm":1,"nm":"Merge Paths 1","mn":"ADBE Vector Filter - Merge","hd":false},{"ty":"fl","c":{"a":0,"k":[0.043000000598,0.277999997606,0.525,1],"ix":4},"o":{"a":0,"k":100,"ix":5},"r":1,"bm":0,"nm":"Fill 1","mn":"ADBE Vector Graphic - Fill","hd":false},{"ty":"tr","p":{"a":0,"k":[151.799,172.721],"ix":2},"a":{"a":0,"k":[0.107,25.199],"ix":1},"s":{"a":0,"k":[100,100],"ix":3},"r":{"a":1,"k":[{"i":{"x":[0.272],"y":[0.803]},"o":{"x":[0.167],"y":[0.167]},"t":4,"s":[8]},{"i":{"x":[0.833],"y":[0.988]},"o":{"x":[0.371],"y":[-0.044]},"t":10,"s":[-27]},{"i":{"x":[0.144],"y":[-28.952]},"o":{"x":[0.212],"y":[-0.021]},"t":14,"s":[10]},{"t":26.0000010590017,"s":[8]}],"ix":6},"o":{"a":0,"k":100,"ix":7},"sk":{"a":0,"k":0,"ix":4},"sa":{"a":0,"k":0,"ix":5},"nm":"Transform"}],"nm":"Group 1","np":5,"cix":2,"bm":0,"ix":1,"mn":"ADBE Vector Group","hd":false},{"ty":"gr","it":[{"ind":0,"ty":"sh","ix":1,"ks":{"a":0,"k":{"i":[[0,0],[0,0]],"o":[[0,0],[0,0]],"v":[[150.903,57.381],[150.889,60.996]],"c":false},"ix":2},"nm":"Path 1","mn":"ADBE Vector Shape - Group","hd":false},{"ty":"st","c":{"a":0,"k":[0.043000000598,0.277999997606,0.525,1],"ix":3},"o":{"a":0,"k":100,"ix":4},"w":{"a":0,"k":5,"ix":5},"lc":2,"lj":1,"ml":10,"bm":0,"nm":"Stroke 1","mn":"ADBE Vector Graphic - Stroke","hd":false},{"ty":"tr","p":{"a":0,"k":[0,0],"ix":2},"a":{"a":0,"k":[0,0],"ix":1},"s":{"a":0,"k":[100,100],"ix":3},"r":{"a":0,"k":0,"ix":6},"o":{"a":0,"k":100,"ix":7},"sk":{"a":0,"k":0,"ix":4},"sa":{"a":0,"k":0,"ix":5},"nm":"Transform"}],"nm":"Group 4","np":2,"cix":2,"bm":0,"ix":4,"mn":"ADBE Vector Group","hd":false}],"ip":0,"op":35.0000014255792,"st":0,"bm":0}],"markers":[],"chars":[{"ch":"L","size":20,"style":"Bold","w":41.4,"data":{"shapes":[{"ty":"gr","it":[{"ind":0,"ty":"sh","ix":1,"ks":{"a":0,"k":{"i":[[0,0],[0,0],[0,0],[0,0],[0,0],[0,0]],"o":[[0,0],[0,0],[0,0],[0,0],[0,0],[0,0]],"v":[[21.652,-12.589],[21.652,-64.655],[4.028,-64.655],[4.028,0],[41.693,0],[41.693,-12.589]],"c":true},"ix":2},"nm":"L","mn":"ADBE Vector Shape - Group","hd":false}],"nm":"L","np":3,"cix":2,"bm":0,"ix":1,"mn":"ADBE Vector Group","hd":false}]},"fFamily":"Teko"},{"ch":"O","size":20,"style":"Bold","w":51.6,"data":{"shapes":[{"ty":"gr","it":[{"ind":0,"ty":"sh","ix":1,"ks":{"a":0,"k":{"i":[[0,0],[1.712,0],[0,0],[0,1.511],[0,0],[-1.712,0],[0,0],[0,-1.511]],"o":[[0,1.511],[0,0],[-1.712,0],[0,0],[0,-1.511],[0,0],[1.712,0],[0,0]],"v":[[30.615,-14.804],[28.098,-12.589],[23.868,-12.589],[21.35,-14.804],[21.35,-49.85],[23.868,-52.066],[28.098,-52.066],[30.615,-49.85]],"c":true},"ix":2},"nm":"O","mn":"ADBE Vector Shape - Group","hd":false},{"ind":1,"ty":"sh","ix":2,"ks":{"a":0,"k":{"i":[[0,0],[0,-7.553],[0,0],[-10.776,0],[0,0],[0,7.553],[0,0],[10.776,0]],"o":[[-10.776,0],[0,0],[0,7.553],[0,0],[10.776,0],[0,0],[0,-7.553],[0,0]],"v":[[18.53,-64.655],[3.726,-52.167],[3.726,-12.488],[18.53,0],[33.435,0],[48.239,-12.488],[48.239,-52.167],[33.435,-64.655]],"c":true},"ix":2},"nm":"O","mn":"ADBE Vector Shape - Group","hd":false}],"nm":"O","np":5,"cix":2,"bm":0,"ix":1,"mn":"ADBE Vector Group","hd":false}]},"fFamily":"Teko"},{"ch":"W","size":20,"style":"Bold","w":83.6,"data":{"shapes":[{"ty":"gr","it":[{"ind":0,"ty":"sh","ix":1,"ks":{"a":0,"k":{"i":[[0,0],[0,0],[0,0],[0,0],[0,0],[0,0],[0,0],[0,0],[0,0],[0,0],[0,0],[0,0],[0,0]],"o":[[0,0],[0,0],[0,0],[0,0],[0,0],[0,0],[0,0],[0,0],[0,0],[0,0],[0,0],[0,0],[0,0]],"v":[[65.762,-64.655],[59.317,-21.149],[50.656,-64.655],[33.435,-64.655],[24.774,-21.149],[19.336,-64.655],[1.007,-64.655],[14.703,0],[34.946,0],[42.096,-38.571],[49.246,0],[69.489,0],[83.185,-64.655]],"c":true},"ix":2},"nm":"W","mn":"ADBE Vector Shape - Group","hd":false}],"nm":"W","np":3,"cix":2,"bm":0,"ix":1,"mn":"ADBE Vector Group","hd":false}]},"fFamily":"Teko"},{"ch":" ","size":20,"style":"Bold","w":20,"data":{},"fFamily":"Teko"},{"ch":"H","size":20,"style":"Bold","w":55,"data":{"shapes":[{"ty":"gr","it":[{"ind":0,"ty":"sh","ix":1,"ks":{"a":0,"k":{"i":[[0,0],[0,0],[0,0],[0,0],[0,0],[0,0],[0,0],[0,0],[0,0],[0,0],[0,0],[0,0]],"o":[[0,0],[0,0],[0,0],[0,0],[0,0],[0,0],[0,0],[0,0],[0,0],[0,0],[0,0],[0,0]],"v":[[34.039,-64.655],[34.039,-38.168],[21.35,-38.168],[21.35,-64.655],[4.028,-64.655],[4.028,0],[21.35,0],[21.35,-25.58],[34.039,-25.58],[34.039,0],[51.361,0],[51.361,-64.655]],"c":true},"ix":2},"nm":"H","mn":"ADBE Vector Shape - Group","hd":false}],"nm":"H","np":3,"cix":2,"bm":0,"ix":1,"mn":"ADBE Vector Group","hd":false}]},"fFamily":"Teko"},{"ch":"I","size":20,"style":"Bold","w":25.5,"data":{"shapes":[{"ty":"gr","it":[{"ind":0,"ty":"sh","ix":1,"ks":{"a":0,"k":{"i":[[0,0],[0,0],[0,0],[0,0]],"o":[[0,0],[0,0],[0,0],[0,0]],"v":[[4.028,-64.655],[4.028,0],[21.652,0],[21.652,-64.655]],"c":true},"ix":2},"nm":"I","mn":"ADBE Vector Shape - Group","hd":false}],"nm":"I","np":3,"cix":2,"bm":0,"ix":1,"mn":"ADBE Vector Group","hd":false}]},"fFamily":"Teko"},{"ch":"G","size":20,"style":"Bold","w":50.1,"data":{"shapes":[{"ty":"gr","it":[{"ind":0,"ty":"sh","ix":1,"ks":{"a":0,"k":{"i":[[0,0],[0,0],[10.776,0],[0,0],[0,-7.553],[0,0],[-10.776,0],[0,0],[0,7.553],[0,0],[0,0],[0,0],[0,0],[0,0],[1.712,0],[0,0],[0,1.511],[0,0],[-1.712,0],[0,0],[0,-1.511],[0,0]],"o":[[0,0],[0,-7.553],[0,0],[-10.776,0],[0,0],[0,7.553],[0,0],[10.776,0],[0,0],[0,0],[0,0],[0,0],[0,0],[0,1.511],[0,0],[-1.712,0],[0,0],[0,-1.511],[0,0],[1.712,0],[0,0],[0,0]],"v":[[47.433,-42.499],[47.433,-52.167],[32.629,-64.655],[18.329,-64.655],[3.525,-52.167],[3.525,-12.488],[18.329,0],[32.629,0],[47.433,-12.488],[47.433,-35.751],[24.774,-35.751],[24.774,-24.573],[29.81,-24.573],[29.81,-13.797],[27.292,-11.581],[23.666,-11.581],[21.149,-13.797],[21.149,-50.858],[23.666,-53.073],[27.292,-53.073],[29.81,-50.858],[29.81,-42.499]],"c":true},"ix":2},"nm":"G","mn":"ADBE Vector Shape - Group","hd":false}],"nm":"G","np":3,"cix":2,"bm":0,"ix":1,"mn":"ADBE Vector Group","hd":false}]},"fFamily":"Teko"},{"ch":"R","size":32,"style":"Bold","w":51.4,"data":{"shapes":[{"ty":"gr","it":[{"ind":0,"ty":"sh","ix":1,"ks":{"a":0,"k":{"i":[[0,0],[0,-1.511],[0,0],[1.712,0],[0,0],[0,0]],"o":[[1.712,0],[0,0],[0,1.511],[0,0],[0,0],[0,0]],"v":[[28.601,-52.066],[31.119,-49.85],[31.119,-37.161],[28.601,-34.946],[21.652,-34.946],[21.652,-52.066]],"c":true},"ix":2},"nm":"R","mn":"ADBE Vector Shape - Group","hd":false},{"ind":1,"ty":"sh","ix":2,"ks":{"a":0,"k":{"i":[[0,0],[0,0],[0,0],[0,5.942],[0,0],[10.776,0],[0,0],[0,0],[0,0],[0,0],[0,0]],"o":[[0,0],[0,0],[6.244,-1.611],[0,0],[0,-7.553],[0,0],[0,0],[0,0],[0,0],[0,0],[0,0]],"v":[[33.032,0],[51.965,0],[40.082,-23.666],[48.743,-35.449],[48.743,-52.167],[33.939,-64.655],[4.028,-64.655],[4.028,0],[21.652,0],[21.652,-22.961],[22.76,-22.961]],"c":true},"ix":2},"nm":"R","mn":"ADBE Vector Shape - Group","hd":false}],"nm":"R","np":5,"cix":2,"bm":0,"ix":1,"mn":"ADBE Vector Group","hd":false}]},"fFamily":"Teko"},{"ch":"S","size":32,"style":"Bold","w":49.1,"data":{"shapes":[{"ty":"gr","it":[{"ind":0,"ty":"sh","ix":1,"ks":{"a":0,"k":{"i":[[0,0],[1.712,0],[0,0],[0,1.511],[0,0],[0,0],[0,0],[-10.776,0],[0,0],[0,7.553],[0,0],[10.474,0],[0,0],[0,1.511],[0,0],[-1.712,0],[0,0],[0,-1.511],[0,0],[0,0],[0,0],[10.776,0],[0,0],[0,-7.553],[0,0],[-10.474,0],[0,0],[0,-1.511]],"o":[[0,1.511],[0,0],[-1.712,0],[0,0],[0,0],[0,0],[0,7.553],[0,0],[10.776,0],[0,0],[0,-7.553],[0,0],[-1.712,0],[0,0],[0,-1.511],[0,0],[1.712,0],[0,0],[0,0],[0,0],[0,-7.553],[0,0],[-10.776,0],[0,0],[0,7.553],[0,0],[1.712,0],[0,0]],"v":[[28.802,-14.804],[26.285,-12.589],[23.364,-12.589],[20.847,-14.804],[20.847,-20.242],[3.223,-20.242],[3.223,-12.488],[18.027,0],[31.723,0],[46.426,-12.488],[46.426,-25.781],[32.629,-38.068],[23.163,-38.068],[20.645,-40.283],[20.645,-49.85],[23.163,-52.066],[26.083,-52.066],[28.601,-49.85],[28.601,-44.412],[46.225,-44.412],[46.225,-52.167],[31.522,-64.655],[17.725,-64.655],[3.021,-52.167],[3.021,-38.873],[16.617,-26.184],[26.285,-26.184],[28.802,-23.969]],"c":true},"ix":2},"nm":"S","mn":"ADBE Vector Shape - Group","hd":false}],"nm":"S","np":3,"cix":2,"bm":0,"ix":1,"mn":"ADBE Vector Group","hd":false}]},"fFamily":"Teko"},{"ch":"K","size":32,"style":"Bold","w":53,"data":{"shapes":[{"ty":"gr","it":[{"ind":0,"ty":"sh","ix":1,"ks":{"a":0,"k":{"i":[[0,0],[0,0],[0,0],[0,0]],"o":[[0,0],[0,0],[0,0],[0,0]],"v":[[4.028,0],[21.652,0],[21.652,-64.655],[4.028,-64.655]],"c":true},"ix":2},"nm":"K","mn":"ADBE Vector Shape - Group","hd":false},{"ind":1,"ty":"sh","ix":2,"ks":{"a":0,"k":{"i":[[0,0],[0,0],[0,0],[0,0],[0,0],[0,0]],"o":[[0,0],[0,0],[0,0],[0,0],[0,0],[0,0]],"v":[[40.082,-33.032],[52.67,-64.655],[33.737,-64.655],[21.753,-33.032],[33.838,0],[52.771,0]],"c":true},"ix":2},"nm":"K","mn":"ADBE Vector Shape - Group","hd":false}],"nm":"K","np":5,"cix":2,"bm":0,"ix":1,"mn":"ADBE Vector Group","hd":false}]},"fFamily":"Teko"}]}