{"v":"5.5.4","fr":29.9700012207031,"ip":0,"op":35.0000014255792,"w":300,"h":290,"nm":"i01-iconSet-6th","ddd":0,"assets":[],"layers":[{"ddd":0,"ind":1,"ty":4,"nm":"i01-iconSet-6th Outlines","sr":1,"ks":{"o":{"a":0,"k":100,"ix":11},"r":{"a":0,"k":0,"ix":10},"p":{"a":0,"k":[150,145,0],"ix":2},"a":{"a":0,"k":[150,145,0],"ix":1},"s":{"a":1,"k":[{"i":{"x":[0.667,0.667,0.667],"y":[1,1,1]},"o":{"x":[0.333,0.333,0.333],"y":[0,0,0]},"t":18,"s":[100,100,100]},{"i":{"x":[0.667,0.667,0.667],"y":[1,1,1]},"o":{"x":[0.333,0.333,0.333],"y":[0,0,0]},"t":22,"s":[100,102,100]},{"t":28.0000011404634,"s":[100,100,100]}],"ix":6}},"ao":0,"shapes":[{"ty":"gr","it":[{"ind":0,"ty":"sh","ix":1,"ks":{"a":0,"k":{"i":[[0,0],[49,0],[0,3.037]],"o":[[0,3.037],[-42,0],[0,0]],"v":[[29.5,-32.75],[-3.5,32.75],[-35.5,-32.75]],"c":false},"ix":2},"nm":"Path 1","mn":"ADBE Vector Shape - Group","hd":false},{"ty":"fl","c":{"a":0,"k":[1,1,1,1],"ix":4},"o":{"a":0,"k":100,"ix":5},"r":1,"bm":0,"nm":"Fill 1","mn":"ADBE Vector Graphic - Fill","hd":false},{"ty":"tr","p":{"a":0,"k":[143.5,145.25],"ix":2},"a":{"a":0,"k":[0,0],"ix":1},"s":{"a":0,"k":[100,100],"ix":3},"r":{"a":0,"k":0,"ix":6},"o":{"a":0,"k":100,"ix":7},"sk":{"a":0,"k":0,"ix":4},"sa":{"a":0,"k":0,"ix":5},"nm":"Transform"}],"nm":"mask03-ico02","np":2,"cix":2,"bm":0,"ix":1,"mn":"ADBE Vector Group","hd":false},{"ty":"gr","it":[{"ind":0,"ty":"sh","ix":1,"ks":{"a":0,"k":{"i":[[0,0],[49,0],[0,3.037]],"o":[[0,3.037],[-17.949,0],[0,0]],"v":[[24.5,-32.75],[-8.5,32.75],[-40.5,-32.75]],"c":false},"ix":2},"nm":"Path 1","mn":"ADBE Vector Shape - Group","hd":false},{"ty":"fl","c":{"a":0,"k":[1,1,1,1],"ix":4},"o":{"a":0,"k":100,"ix":5},"r":1,"bm":0,"nm":"Fill 1","mn":"ADBE Vector Graphic - Fill","hd":false},{"ty":"tr","p":{"a":0,"k":[148.5,145.25],"ix":2},"a":{"a":0,"k":[0,0],"ix":1},"s":{"a":0,"k":[100,100],"ix":3},"r":{"a":0,"k":0,"ix":6},"o":{"a":0,"k":100,"ix":7},"sk":{"a":0,"k":0,"ix":4},"sa":{"a":0,"k":0,"ix":5},"nm":"Transform"}],"nm":"mask02-ico01","np":2,"cix":2,"bm":0,"ix":2,"mn":"ADBE Vector Group","hd":false},{"ty":"gr","it":[{"ind":0,"ty":"sh","ix":1,"ks":{"a":0,"k":{"i":[[0,-3.037],[17.949,0],[0,3.037],[-17.949,0]],"o":[[0,3.037],[-17.949,0],[0,-3.037],[17.949,0]],"v":[[32.5,-30],[-0.5,35.5],[-32.5,-30],[0,-35.5]],"c":true},"ix":2},"nm":"Path 1","mn":"ADBE Vector Shape - Group","hd":false},{"ty":"fl","c":{"a":0,"k":[1,1,1,1],"ix":4},"o":{"a":0,"k":100,"ix":5},"r":1,"bm":0,"nm":"Fill 1","mn":"ADBE Vector Graphic - Fill","hd":false},{"ty":"tr","p":{"a":0,"k":[140.5,142.5],"ix":2},"a":{"a":0,"k":[0,0],"ix":1},"s":{"a":0,"k":[100,100],"ix":3},"r":{"a":0,"k":0,"ix":6},"o":{"a":0,"k":100,"ix":7},"sk":{"a":0,"k":0,"ix":4},"sa":{"a":0,"k":0,"ix":5},"nm":"Transform"}],"nm":"mask01-ico01","np":2,"cix":2,"bm":0,"ix":3,"mn":"ADBE Vector Group","hd":false},{"ty":"gr","it":[{"ind":0,"ty":"sh","ix":1,"ks":{"a":1,"k":[{"i":{"x":0.833,"y":0.978},"o":{"x":0.167,"y":0.012},"t":21.846,"s":[{"i":[[0,0],[6.614,3.528],[-2.824,5.291],[-4.232,-2.259],[1.806,-3.386],[2.709,1.446]],"o":[[-7.495,0.158],[-5.291,-2.824],[2.258,-4.233],[3.387,1.807],[-1.445,2.709],[0,0]],"v":[[12.788,5.354],[-5.495,8.499],[-9.964,-6.193],[1.79,-9.768],[4.65,-0.366],[-2.872,1.922]],"c":false}]},{"i":{"x":0.833,"y":0.994},"o":{"x":0.167,"y":0.022},"t":27.693,"s":[{"i":[[0,0],[6.992,1.739],[-2.824,5.291],[-4.293,-0.744],[-0.403,-3.646],[2.119,-2.934]],"o":[[-7.495,0.158],[-5.82,-1.447],[2.258,-4.233],[3.782,0.656],[0.337,3.052],[0,0]],"v":[[12.788,5.354],[-5.495,8.499],[-11.464,-6.193],[-0.211,-10.518],[5.4,-3.116],[3.878,0.922]],"c":false}]},{"t":35.0000014255792,"s":[{"i":[[0,0],[6.614,3.528],[-2.824,5.291],[-4.232,-2.259],[1.806,-3.386],[2.709,1.446]],"o":[[-7.495,0.158],[-5.291,-2.824],[2.258,-4.233],[3.387,1.807],[-1.445,2.709],[0,0]],"v":[[12.788,5.354],[-5.495,8.499],[-9.964,-6.193],[1.79,-9.768],[4.65,-0.366],[-2.872,1.922]],"c":false}]}],"ix":2},"nm":"Path 1","mn":"ADBE Vector Shape - Group","hd":false},{"ty":"st","c":{"a":0,"k":[0.043000000598,0.277999997606,0.525,1],"ix":3},"o":{"a":0,"k":100,"ix":4},"w":{"a":0,"k":5,"ix":5},"lc":1,"lj":1,"ml":10,"bm":0,"nm":"Stroke 1","mn":"ADBE Vector Graphic - Stroke","hd":false},{"ty":"tr","p":{"a":0,"k":[36.004,157.262],"ix":2},"a":{"a":0,"k":[0,0],"ix":1},"s":{"a":0,"k":[100,100],"ix":3},"r":{"a":0,"k":0,"ix":6},"o":{"a":0,"k":100,"ix":7},"sk":{"a":0,"k":0,"ix":4},"sa":{"a":0,"k":0,"ix":5},"nm":"Transform"}],"nm":"tal-ico01","np":2,"cix":2,"bm":0,"ix":4,"mn":"ADBE Vector Group","hd":false},{"ty":"gr","it":[{"ind":0,"ty":"sh","ix":1,"ks":{"a":0,"k":{"i":[[-3.994,0],[0,-3.993],[3.994,0],[0,3.995]],"o":[[3.994,0],[0,3.995],[-3.994,0],[0,-3.993]],"v":[[0,-7.231],[7.231,-0.001],[0,7.231],[-7.231,-0.001]],"c":true},"ix":2},"nm":"Path 1","mn":"ADBE Vector Shape - Group","hd":false},{"ty":"fl","c":{"a":0,"k":[0.043000000598,0.277999997606,0.525,1],"ix":4},"o":{"a":0,"k":100,"ix":5},"r":1,"bm":0,"nm":"Fill 1","mn":"ADBE Vector Graphic - Fill","hd":false},{"ty":"tr","p":{"a":1,"k":[{"i":{"x":0.667,"y":1},"o":{"x":0.167,"y":0.167},"t":16,"s":[207.557,149.204],"to":[0,-0.5],"ti":[0,0]},{"i":{"x":0.833,"y":0.833},"o":{"x":0.167,"y":0.167},"t":27.693,"s":[207.557,146.204],"to":[0,0],"ti":[0,-0.5]},{"t":35.0000014255792,"s":[207.557,149.204]}],"ix":2},"a":{"a":0,"k":[0,0],"ix":1},"s":{"a":1,"k":[{"i":{"x":[0.667,0.667],"y":[1,1]},"o":{"x":[0.167,0.167],"y":[0.167,0]},"t":10,"s":[100,100]},{"i":{"x":[0.833,0.833],"y":[0.833,0.833]},"o":{"x":[0.167,0.167],"y":[0.167,0.167]},"t":15,"s":[45,100]},{"t":20.0000008146167,"s":[100,100]}],"ix":3},"r":{"a":0,"k":0,"ix":6},"o":{"a":0,"k":100,"ix":7},"sk":{"a":0,"k":0,"ix":4},"sa":{"a":0,"k":0,"ix":5},"nm":"Transform"}],"nm":"eye-ico01","np":2,"cix":2,"bm":0,"ix":5,"mn":"ADBE Vector Group","hd":false},{"ty":"gr","it":[{"ind":0,"ty":"sh","ix":1,"ks":{"a":0,"k":{"i":[[0,0],[-32.214,-6.435]],"o":[[0,0],[0,0]],"v":[[-29.889,3.242],[29.888,3.193]],"c":false},"ix":2},"nm":"Path 1","mn":"ADBE Vector Shape - Group","hd":false},{"ty":"st","c":{"a":0,"k":[0.043000000598,0.277999997606,0.525,1],"ix":3},"o":{"a":0,"k":100,"ix":4},"w":{"a":0,"k":5,"ix":5},"lc":1,"lj":1,"ml":10,"bm":0,"nm":"Stroke 1","mn":"ADBE Vector Graphic - Stroke","hd":false},{"ty":"tr","p":{"a":0,"k":[140.837,104.239],"ix":2},"a":{"a":0,"k":[0,0],"ix":1},"s":{"a":0,"k":[100,100],"ix":3},"r":{"a":0,"k":0,"ix":6},"o":{"a":0,"k":100,"ix":7},"sk":{"a":0,"k":0,"ix":4},"sa":{"a":0,"k":0,"ix":5},"nm":"Transform"}],"nm":"hole-ico01","np":2,"cix":2,"bm":0,"ix":6,"mn":"ADBE Vector Group","hd":false},{"ty":"gr","it":[{"ind":0,"ty":"sh","ix":1,"ks":{"a":0,"k":{"i":[[-11.791,0],[0,-11.734],[11.791,0],[0,11.735]],"o":[[11.791,0],[0,11.735],[-11.791,0],[0,-11.734]],"v":[[0,-21.249],[21.349,-0.001],[0,21.249],[-21.349,-0.001]],"c":true},"ix":2},"nm":"Path 1","mn":"ADBE Vector Shape - Group","hd":false},{"ty":"st","c":{"a":0,"k":[0.043000000598,0.277999997606,0.525,1],"ix":3},"o":{"a":0,"k":100,"ix":4},"w":{"a":0,"k":5,"ix":5},"lc":1,"lj":1,"ml":10,"bm":0,"nm":"Stroke 1","mn":"ADBE Vector Graphic - Stroke","hd":false},{"ty":"fl","c":{"a":0,"k":[1,1,1,1],"ix":4},"o":{"a":0,"k":100,"ix":5},"r":1,"bm":0,"nm":"Fill 1","mn":"ADBE Vector Graphic - Fill","hd":false},{"ty":"tr","p":{"a":1,"k":[{"i":{"x":0.965,"y":1},"o":{"x":0.554,"y":0},"t":2,"s":[141.788,54.249],"to":[0,16.167],"ti":[0,-16.167]},{"i":{"x":0.965,"y":0.965},"o":{"x":0.167,"y":0.167},"t":21.846,"s":[141.788,151.249],"to":[0,0],"ti":[0,0]},{"i":{"x":0.833,"y":0.833},"o":{"x":0.167,"y":0.167},"t":33,"s":[141.788,151.249],"to":[0,-16.167],"ti":[0,0]},{"i":{"x":0.965,"y":1},"o":{"x":0.554,"y":0},"t":34,"s":[141.788,54.249],"to":[0,0],"ti":[0,-16.167]},{"t":53.8462521932027,"s":[141.788,151.249]}],"ix":2},"a":{"a":0,"k":[0,0],"ix":1},"s":{"a":0,"k":[100,100],"ix":3},"r":{"a":0,"k":0,"ix":6},"o":{"a":1,"k":[{"i":{"x":[0.833],"y":[0.833]},"o":{"x":[0.167],"y":[0.167]},"t":28,"s":[100]},{"i":{"x":[0.833],"y":[0.833]},"o":{"x":[0.167],"y":[0.167]},"t":33,"s":[0]},{"t":34.0000013848484,"s":[100]}],"ix":7},"sk":{"a":0,"k":0,"ix":4},"sa":{"a":0,"k":0,"ix":5},"nm":"Transform"}],"nm":"coin-ico01","np":3,"cix":2,"bm":0,"ix":7,"mn":"ADBE Vector Group","hd":false},{"ty":"gr","it":[{"ind":0,"ty":"sh","ix":1,"ks":{"a":1,"k":[{"i":{"x":0.833,"y":0.997},"o":{"x":0.643,"y":0},"t":16,"s":[{"i":[[-51.914,0],[-14.968,-9.397],[0,0],[-15.832,2.328],[0,0],[1.168,-13.441],[-17.26,-9.33],[-2.259,0],[-0.863,0],[0,-2.211],[0,0],[2.577,-2.577],[9.534,-3.177],[0.887,-0.808],[19.043,-13.216],[1.785,-0.96],[2.095,0],[4.932,0],[1.265,0.001],[0.009,-0.002],[14.826,0],[11.131,2.916],[0.008,0],[2.18,0],[0,0],[3.003,2.382],[0,22.561]],"o":[[20.267,0],[0,0],[0.116,0],[0,0],[0.419,-0.001],[-0.933,10.73],[2.051,1.109],[0.973,0],[2.582,0],[0,0],[0,2.055],[-0.922,0.921],[-4.861,1.62],[-9.112,8.302],[-3.091,2.144],[-1.245,0.668],[-2.983,0],[-2.316,0],[-0.009,0],[-6.084,1.333],[-10.153,0],[-0.007,-0.002],[-1.043,-0.003],[0,0],[-3.927,0],[-18.11,-14.373],[0,-43.545]],"v":[[-10.73,-86.273],[43.656,-71.745],[43.657,-71.745],[73.938,-85.34],[73.942,-85.34],[66.009,-57.815],[90.733,-19.56],[97.48,-18.285],[100.256,-18.316],[104.728,-15.829],[104.728,3.435],[101.929,12.299],[74.855,18.504],[98.439,23.81],[58.078,54.618],[46.416,85.409],[41.429,86.273],[29.622,85.874],[23.118,67.21],[23.091,67.214],[-11.896,70.946],[-39.743,66.845],[-39.765,66.843],[-45.951,85.875],[-61.811,85.875],[-75.806,49.954],[-104.728,-7.429]],"c":true}]},{"i":{"x":0.557,"y":1},"o":{"x":0.167,"y":0.003},"t":27.693,"s":[{"i":[[-51.914,0],[-14.968,-9.397],[0,0],[-15.832,2.328],[0,0],[1.168,-13.441],[-17.26,-9.33],[-2.259,0],[-0.863,0],[0,-2.211],[0,0],[2.577,-2.577],[9.534,-3.177],[0.887,-0.808],[19.043,-13.216],[1.785,-0.96],[2.095,0],[4.932,0],[1.265,0.001],[0.009,-0.002],[14.826,0],[11.131,2.916],[0.008,0],[2.18,0],[0,0],[3.003,2.382],[0,22.561]],"o":[[20.267,0],[0,0],[0.116,0],[0,0],[0.419,-0.001],[-0.933,10.73],[2.051,1.109],[0.973,0],[2.582,0],[0,0],[0,2.055],[-0.922,0.921],[-4.861,1.62],[-9.112,8.302],[-3.091,2.144],[-1.245,0.668],[-2.983,0],[-2.316,0],[-0.009,0],[-6.084,1.333],[-10.153,0],[-0.007,-0.002],[-1.043,-0.003],[0,0],[-3.927,0],[-18.11,-14.373],[0,-43.545]],"v":[[-10.73,-86.273],[43.656,-71.745],[43.657,-71.745],[71.188,-83.09],[72.192,-80.59],[66.009,-57.815],[90.733,-19.56],[97.48,-18.285],[100.256,-18.316],[104.728,-15.829],[104.728,2.498],[101.929,11.362],[71.605,16.254],[98.439,23.81],[58.078,54.618],[46.416,85.409],[41.429,86.273],[29.622,85.874],[23.118,67.21],[23.091,67.214],[-11.896,70.946],[-39.743,66.845],[-39.765,66.843],[-45.951,85.875],[-61.811,85.875],[-75.806,49.954],[-104.728,-7.429]],"c":true}]},{"i":{"x":0.833,"y":0.833},"o":{"x":0.167,"y":0.167},"t":33,"s":[{"i":[[-51.914,0],[-14.968,-9.397],[0,0],[-15.832,2.328],[0,0],[1.168,-13.441],[-17.26,-9.33],[-2.259,0],[-0.863,0],[0,-2.211],[0,0],[2.577,-2.577],[9.534,-3.177],[0.887,-0.808],[19.043,-13.216],[1.785,-0.96],[2.095,0],[4.932,0],[1.265,0.001],[0.009,-0.002],[14.826,0],[11.131,2.916],[0.008,0],[2.18,0],[0,0],[3.003,2.382],[0,22.561]],"o":[[20.267,0],[0,0],[0.116,0],[0,0],[0.419,-0.001],[-0.933,10.73],[2.051,1.109],[0.973,0],[2.582,0],[0,0],[0,2.055],[-0.922,0.921],[-4.861,1.62],[-9.112,8.302],[-3.091,2.144],[-1.245,0.668],[-2.983,0],[-2.316,0],[-0.009,0],[-6.084,1.333],[-10.153,0],[-0.007,-0.002],[-1.043,-0.003],[0,0],[-3.927,0],[-18.11,-14.373],[0,-43.545]],"v":[[-10.73,-86.273],[43.656,-71.745],[43.657,-71.745],[73.938,-85.34],[73.942,-85.34],[66.009,-57.815],[90.733,-19.56],[97.48,-18.285],[100.256,-18.316],[104.728,-15.829],[104.728,3.435],[101.929,12.299],[74.855,18.504],[98.439,23.81],[58.078,54.618],[46.416,85.409],[41.429,86.273],[29.622,85.874],[23.118,67.21],[23.091,67.214],[-11.896,70.946],[-39.743,66.845],[-39.765,66.843],[-45.951,85.875],[-61.811,85.875],[-75.806,49.954],[-104.728,-7.429]],"c":true}]},{"t":34.0000013848484,"s":[{"i":[[-51.914,0],[-14.968,-9.397],[0,0],[-15.832,2.328],[0,0],[1.168,-13.441],[-17.26,-9.33],[-2.259,0],[-0.863,0],[0,-2.211],[0,0],[2.577,-2.577],[9.534,-3.177],[0.887,-0.808],[19.043,-13.216],[1.785,-0.96],[2.095,0],[4.932,0],[1.265,0.001],[0.009,-0.002],[14.826,0],[11.131,2.916],[0.008,0],[2.18,0],[0,0],[3.003,2.382],[0,22.561]],"o":[[20.267,0],[0,0],[0.116,0],[0,0],[0.419,-0.001],[-0.933,10.73],[2.051,1.109],[0.973,0],[2.582,0],[0,0],[0,2.055],[-0.922,0.921],[-4.861,1.62],[-9.112,8.302],[-3.091,2.144],[-1.245,0.668],[-2.983,0],[-2.316,0],[-0.009,0],[-6.084,1.333],[-10.153,0],[-0.007,-0.002],[-1.043,-0.003],[0,0],[-3.927,0],[-18.11,-14.373],[0,-43.545]],"v":[[-10.73,-86.273],[43.656,-71.745],[43.657,-71.745],[73.938,-85.34],[73.942,-85.34],[66.009,-57.815],[90.733,-19.56],[97.48,-18.285],[100.256,-18.316],[104.728,-15.829],[104.728,3.435],[101.929,12.299],[74.855,18.504],[98.439,23.81],[58.078,54.618],[46.416,85.409],[41.429,86.273],[29.622,85.874],[23.118,67.21],[23.091,67.214],[-11.896,70.946],[-39.743,66.845],[-39.765,66.843],[-45.951,85.875],[-61.811,85.875],[-75.806,49.954],[-104.728,-7.429]],"c":true}]}],"ix":2},"nm":"Path 1","mn":"ADBE Vector Shape - Group","hd":false},{"ty":"st","c":{"a":0,"k":[0.043000000598,0.277999997606,0.525,1],"ix":3},"o":{"a":0,"k":100,"ix":4},"w":{"a":0,"k":5,"ix":5},"lc":1,"lj":1,"ml":10,"bm":0,"nm":"Stroke 1","mn":"ADBE Vector Graphic - Stroke","hd":false},{"ty":"fl","c":{"a":0,"k":[1,1,1,1],"ix":4},"o":{"a":0,"k":100,"ix":5},"r":1,"bm":0,"nm":"Fill 1","mn":"ADBE Vector Graphic - Fill","hd":false},{"ty":"tr","p":{"a":0,"k":[155.182,174.659],"ix":2},"a":{"a":0,"k":[0,0],"ix":1},"s":{"a":0,"k":[100,100],"ix":3},"r":{"a":0,"k":0,"ix":6},"o":{"a":0,"k":100,"ix":7},"sk":{"a":0,"k":0,"ix":4},"sa":{"a":0,"k":0,"ix":5},"nm":"Transform"}],"nm":"body-ico01","np":3,"cix":2,"bm":0,"ix":8,"mn":"ADBE Vector Group","hd":false}],"ip":0,"op":36.0000014663101,"st":0,"bm":0}],"markers":[]}