{"v":"5.5.4","fr":29.9700012207031,"ip":0,"op":35.0000014255792,"w":300,"h":290,"nm":"i02-iconSet-6th","ddd":0,"assets":[],"layers":[{"ddd":0,"ind":1,"ty":4,"nm":"i02-iconSet-6th Outlines","sr":1,"ks":{"o":{"a":0,"k":100,"ix":11},"r":{"a":0,"k":0,"ix":10},"p":{"a":0,"k":[150,145,0],"ix":2},"a":{"a":0,"k":[150,145,0],"ix":1},"s":{"a":0,"k":[100,100,100],"ix":6}},"ao":0,"shapes":[{"ty":"gr","it":[{"ind":0,"ty":"sh","ix":1,"ks":{"a":0,"k":{"i":[[1.104,0],[0,0],[0,0],[0,0],[0,-1.104],[0,0]],"o":[[0,0],[0,0],[0,0],[1.104,0],[0,0],[0,1.105]],"v":[[10.812,33.814],[-12.812,33.814],[-12.812,-33.814],[10.812,-33.814],[12.812,-31.814],[12.812,31.814]],"c":true},"ix":2},"nm":"Path 1","mn":"ADBE Vector Shape - Group","hd":false},{"ty":"st","c":{"a":0,"k":[0.043000000598,0.277999997606,0.525,1],"ix":3},"o":{"a":0,"k":100,"ix":4},"w":{"a":0,"k":5,"ix":5},"lc":1,"lj":1,"ml":10,"bm":0,"nm":"Stroke 1","mn":"ADBE Vector Graphic - Stroke","hd":false},{"ty":"tr","p":{"a":0,"k":[21.566,252.563],"ix":2},"a":{"a":0,"k":[0,0],"ix":1},"s":{"a":0,"k":[100,100],"ix":3},"r":{"a":0,"k":0,"ix":6},"o":{"a":0,"k":100,"ix":7},"sk":{"a":0,"k":0,"ix":4},"sa":{"a":0,"k":0,"ix":5},"nm":"Transform"}],"nm":"hand02-ico002","np":2,"cix":2,"bm":0,"ix":1,"mn":"ADBE Vector Group","hd":false},{"ty":"gr","it":[{"ind":0,"ty":"sh","ix":1,"ks":{"a":1,"k":[{"i":{"x":0.084,"y":1},"o":{"x":0.333,"y":0},"t":21,"s":[{"i":[[0,0],[0,0],[0,0],[-9.185,0],[0,0],[16.131,-5.713],[0,0],[0,0],[-12.434,6.889],[0,0],[-14.786,-11.762],[0,0],[10.754,-3.025],[0,0],[0,0]],"o":[[0,0],[0,0],[0,0],[0,0],[0,0],[0,0],[0,0],[0,0],[12.434,-6.888],[0,0],[0,0],[0,0],[-10.754,3.024],[0,0],[0,0]],"v":[[-108.711,-1.008],[-99.638,-1.008],[-72.418,-30.915],[-60.656,-33.604],[17.979,-33.604],[1.176,-10.754],[-33.101,-10.754],[34.781,-10.081],[51.247,-17.307],[85.188,-33.604],[108.711,-26.548],[46.543,13.777],[27.052,21.171],[-63.681,38.31],[-108.711,38.31]],"c":true}]},{"i":{"x":0.124,"y":1},"o":{"x":0.333,"y":0},"t":24,"s":[{"i":[[0,0],[0,0],[0,0],[-9.185,0],[0,0],[16.131,-5.713],[0,0],[0,0],[-12.434,6.889],[0,0],[-14.8,-15.986],[0,0],[10.754,-3.025],[0,0],[0,0]],"o":[[0,0],[0,0],[0,0],[0,0],[0,0],[0,0],[0,0],[0,0],[12.434,-6.888],[0,0],[0,0],[0,0],[-10.754,3.024],[0,0],[0,0]],"v":[[-108.711,-1.008],[-99.638,-1.008],[-72.418,-30.915],[-60.656,-33.604],[17.979,-33.604],[1.176,-10.754],[-33.101,-10.754],[34.781,-10.081],[51.247,-17.307],[77.188,-33.604],[108.211,-30.048],[46.543,13.778],[27.052,21.171],[-63.681,38.31],[-108.711,38.31]],"c":true}]},{"t":31.0000012626559,"s":[{"i":[[0,0],[0,0],[0,0],[-9.185,0],[0,0],[16.131,-5.713],[0,0],[0,0],[-12.434,6.889],[0,0],[-14.786,-11.762],[0,0],[10.754,-3.025],[0,0],[0,0]],"o":[[0,0],[0,0],[0,0],[0,0],[0,0],[0,0],[0,0],[0,0],[12.434,-6.888],[0,0],[0,0],[0,0],[-10.754,3.024],[0,0],[0,0]],"v":[[-108.711,-1.008],[-99.638,-1.008],[-72.418,-30.915],[-60.656,-33.604],[17.979,-33.604],[1.176,-10.754],[-33.101,-10.754],[34.781,-10.081],[51.247,-17.307],[85.188,-33.604],[108.711,-26.548],[46.543,13.777],[27.052,21.171],[-63.681,38.31],[-108.711,38.31]],"c":true}]}],"ix":2},"nm":"Path 1","mn":"ADBE Vector Shape - Group","hd":false},{"ty":"st","c":{"a":0,"k":[0.043000000598,0.277999997606,0.525,1],"ix":3},"o":{"a":0,"k":100,"ix":4},"w":{"a":0,"k":5,"ix":5},"lc":1,"lj":1,"ml":10,"bm":0,"nm":"Stroke 1","mn":"ADBE Vector Graphic - Stroke","hd":false},{"ty":"fl","c":{"a":0,"k":[1,1,1,1],"ix":4},"o":{"a":0,"k":100,"ix":5},"r":1,"bm":0,"nm":"Fill 1","mn":"ADBE Vector Graphic - Fill","hd":false},{"ty":"tr","p":{"a":0,"k":[143.089,233.534],"ix":2},"a":{"a":0,"k":[0,0],"ix":1},"s":{"a":0,"k":[100,100],"ix":3},"r":{"a":0,"k":0,"ix":6},"o":{"a":0,"k":100,"ix":7},"sk":{"a":0,"k":0,"ix":4},"sa":{"a":0,"k":0,"ix":5},"nm":"Transform"}],"nm":"hand01-ico002","np":3,"cix":2,"bm":0,"ix":2,"mn":"ADBE Vector Group","hd":false},{"ty":"gr","it":[{"ind":0,"ty":"sh","ix":1,"ks":{"a":0,"k":{"i":[[0,0],[40.425,0],[0,2.507]],"o":[[0,2.507],[-34.65,0],[0,0]],"v":[[24.338,-27.019],[-2.887,27.019],[-29.287,-27.019]],"c":false},"ix":2},"nm":"Path 1","mn":"ADBE Vector Shape - Group","hd":false},{"ty":"fl","c":{"a":0,"k":[1,1,1,1],"ix":4},"o":{"a":0,"k":100,"ix":5},"r":1,"bm":0,"nm":"Fill 1","mn":"ADBE Vector Graphic - Fill","hd":false},{"ty":"tr","p":{"a":0,"k":[133.962,123.966],"ix":2},"a":{"a":0,"k":[0,0],"ix":1},"s":{"a":0,"k":[100,100],"ix":3},"r":{"a":0,"k":0,"ix":6},"o":{"a":0,"k":100,"ix":7},"sk":{"a":0,"k":0,"ix":4},"sa":{"a":0,"k":0,"ix":5},"nm":"Transform"}],"nm":"mask03-ico02","np":2,"cix":2,"bm":0,"ix":3,"mn":"ADBE Vector Group","hd":false},{"ty":"gr","it":[{"ind":0,"ty":"sh","ix":1,"ks":{"a":0,"k":{"i":[[0,0],[40.425,0],[0,2.507]],"o":[[0,2.507],[-14.808,0],[0,0]],"v":[[20.213,-27.019],[-7.012,27.019],[-33.412,-27.019]],"c":false},"ix":2},"nm":"Path 1","mn":"ADBE Vector Shape - Group","hd":false},{"ty":"fl","c":{"a":0,"k":[1,1,1,1],"ix":4},"o":{"a":0,"k":100,"ix":5},"r":1,"bm":0,"nm":"Fill 1","mn":"ADBE Vector Graphic - Fill","hd":false},{"ty":"tr","p":{"a":0,"k":[138.087,123.966],"ix":2},"a":{"a":0,"k":[0,0],"ix":1},"s":{"a":0,"k":[100,100],"ix":3},"r":{"a":0,"k":0,"ix":6},"o":{"a":0,"k":100,"ix":7},"sk":{"a":0,"k":0,"ix":4},"sa":{"a":0,"k":0,"ix":5},"nm":"Transform"}],"nm":"mask02-ico02","np":2,"cix":2,"bm":0,"ix":4,"mn":"ADBE Vector Group","hd":false},{"ty":"gr","it":[{"ind":0,"ty":"sh","ix":1,"ks":{"a":0,"k":{"i":[[0,-2.506],[14.808,0],[0,2.507],[-14.809,0]],"o":[[0,2.507],[-14.808,0],[0,-2.506],[14.808,0]],"v":[[26.813,-24.751],[-0.413,29.288],[-26.813,-24.751],[0,-29.288]],"c":true},"ix":2},"nm":"Path 1","mn":"ADBE Vector Shape - Group","hd":false},{"ty":"fl","c":{"a":0,"k":[1,1,1,1],"ix":4},"o":{"a":0,"k":100,"ix":5},"r":1,"bm":0,"nm":"Fill 1","mn":"ADBE Vector Graphic - Fill","hd":false},{"ty":"tr","p":{"a":0,"k":[131.487,121.698],"ix":2},"a":{"a":0,"k":[0,0],"ix":1},"s":{"a":0,"k":[100,100],"ix":3},"r":{"a":0,"k":0,"ix":6},"o":{"a":0,"k":100,"ix":7},"sk":{"a":0,"k":0,"ix":4},"sa":{"a":0,"k":0,"ix":5},"nm":"Transform"}],"nm":"mask01-ico02","np":2,"cix":2,"bm":0,"ix":5,"mn":"ADBE Vector Group","hd":false},{"ty":"gr","it":[{"ind":0,"ty":"sh","ix":1,"ks":{"a":1,"k":[{"i":{"x":0.833,"y":0.833},"o":{"x":0.333,"y":0},"t":16,"s":[{"i":[[0,0],[5.456,2.911],[-2.329,4.365],[-3.492,-1.862],[1.49,-2.794],[2.234,1.192]],"o":[[-6.183,0.13],[-4.366,-2.329],[1.863,-3.493],[2.793,1.492],[-1.192,2.235],[0,0]],"v":[[10.549,4.417],[-4.534,7.011],[-8.221,-5.109],[1.477,-8.06],[3.835,-0.302],[-2.37,1.586]],"c":false}]},{"i":{"x":0.833,"y":0.833},"o":{"x":0.333,"y":0},"t":24,"s":[{"i":[[0,0],[6.256,1.612],[-2.329,4.365],[-3.939,0.384],[-2.613,-4.575],[2.234,1.192]],"o":[[-6.183,0.13],[-4.792,-1.235],[1.863,-3.493],[3.246,-0.317],[1.256,2.2],[0,0]],"v":[[10.549,4.417],[-4.534,7.011],[-9.721,-3.609],[-2.523,-9.06],[5.835,-5.802],[0.63,-0.414]],"c":false}]},{"t":26.0000010590017,"s":[{"i":[[0,0],[5.456,2.911],[-2.329,4.365],[-3.492,-1.862],[1.49,-2.794],[2.234,1.192]],"o":[[-6.183,0.13],[-4.366,-2.329],[1.863,-3.493],[2.793,1.492],[-1.192,2.235],[0,0]],"v":[[10.549,4.417],[-4.534,7.011],[-8.221,-5.109],[1.477,-8.06],[3.835,-0.302],[-2.37,1.586]],"c":false}]}],"ix":2},"nm":"Path 1","mn":"ADBE Vector Shape - Group","hd":false},{"ty":"st","c":{"a":0,"k":[0.043000000598,0.277999997606,0.525,1],"ix":3},"o":{"a":0,"k":100,"ix":4},"w":{"a":0,"k":5,"ix":5},"lc":1,"lj":1,"ml":10,"bm":0,"nm":"Stroke 1","mn":"ADBE Vector Graphic - Stroke","hd":false},{"ty":"tr","p":{"a":0,"k":[45.277,133.877],"ix":2},"a":{"a":0,"k":[0,0],"ix":1},"s":{"a":0,"k":[100,100],"ix":3},"r":{"a":0,"k":0,"ix":6},"o":{"a":0,"k":100,"ix":7},"sk":{"a":0,"k":0,"ix":4},"sa":{"a":0,"k":0,"ix":5},"nm":"Transform"}],"nm":"tal-ico02","np":2,"cix":2,"bm":0,"ix":6,"mn":"ADBE Vector Group","hd":false},{"ty":"gr","it":[{"ind":0,"ty":"sh","ix":1,"ks":{"a":0,"k":{"i":[[-3.294,0],[0,-3.295],[3.294,0],[0,3.294]],"o":[[3.294,0],[0,3.294],[-3.294,0],[0,-3.295]],"v":[[0,-5.965],[5.965,0.001],[0,5.965],[-5.965,0.001]],"c":true},"ix":2},"nm":"Path 1","mn":"ADBE Vector Shape - Group","hd":false},{"ty":"fl","c":{"a":0,"k":[0.043000000598,0.277999997606,0.525,1],"ix":4},"o":{"a":0,"k":100,"ix":5},"r":1,"bm":0,"nm":"Fill 1","mn":"ADBE Vector Graphic - Fill","hd":false},{"ty":"tr","p":{"a":1,"k":[{"i":{"x":0.667,"y":1},"o":{"x":0.333,"y":0},"t":12,"s":[186.809,127.228],"to":[0,-0.5],"ti":[0,0]},{"i":{"x":0.667,"y":1},"o":{"x":0.333,"y":0},"t":22,"s":[186.809,124.228],"to":[0,0],"ti":[0,-0.5]},{"t":26.0000010590017,"s":[186.809,127.228]}],"ix":2},"a":{"a":0,"k":[0,0],"ix":1},"s":{"a":1,"k":[{"i":{"x":[0.667,0.667],"y":[1,1]},"o":{"x":[0.333,0.333],"y":[0,0]},"t":12,"s":[100,100]},{"i":{"x":[0.667,0.667],"y":[1,1]},"o":{"x":[0.333,0.333],"y":[0,0]},"t":22,"s":[52,100]},{"t":26.0000010590017,"s":[100,100]}],"ix":3},"r":{"a":0,"k":0,"ix":6},"o":{"a":0,"k":100,"ix":7},"sk":{"a":0,"k":0,"ix":4},"sa":{"a":0,"k":0,"ix":5},"nm":"Transform"}],"nm":"eye-ico02","np":2,"cix":2,"bm":0,"ix":7,"mn":"ADBE Vector Group","hd":false},{"ty":"gr","it":[{"ind":0,"ty":"sh","ix":1,"ks":{"a":0,"k":{"i":[[0,0],[-26.576,-5.31]],"o":[[0,0],[0,0]],"v":[[-24.658,2.675],[24.658,2.635]],"c":false},"ix":2},"nm":"Path 1","mn":"ADBE Vector Shape - Group","hd":false},{"ty":"st","c":{"a":0,"k":[0.043000000598,0.277999997606,0.525,1],"ix":3},"o":{"a":0,"k":100,"ix":4},"w":{"a":0,"k":5,"ix":5},"lc":1,"lj":1,"ml":10,"bm":0,"nm":"Stroke 1","mn":"ADBE Vector Graphic - Stroke","hd":false},{"ty":"tr","p":{"a":0,"k":[131.764,90.132],"ix":2},"a":{"a":0,"k":[0,0],"ix":1},"s":{"a":0,"k":[100,100],"ix":3},"r":{"a":0,"k":0,"ix":6},"o":{"a":0,"k":100,"ix":7},"sk":{"a":0,"k":0,"ix":4},"sa":{"a":0,"k":0,"ix":5},"nm":"Transform"}],"nm":"hole-ico02","np":2,"cix":2,"bm":0,"ix":8,"mn":"ADBE Vector Group","hd":false},{"ty":"gr","it":[{"ind":0,"ty":"sh","ix":1,"ks":{"a":0,"k":{"i":[[-9.728,0],[0,-9.681],[9.727,0],[0,9.682]],"o":[[9.727,0],[0,9.682],[-9.728,0],[0,-9.681]],"v":[[0,-17.53],[17.613,-0.001],[0,17.53],[-17.613,-0.001]],"c":true},"ix":2},"nm":"Path 1","mn":"ADBE Vector Shape - Group","hd":false},{"ty":"st","c":{"a":0,"k":[0.043000000598,0.277999997606,0.525,1],"ix":3},"o":{"a":0,"k":100,"ix":4},"w":{"a":0,"k":5,"ix":5},"lc":1,"lj":1,"ml":10,"bm":0,"nm":"Stroke 1","mn":"ADBE Vector Graphic - Stroke","hd":false},{"ty":"fl","c":{"a":0,"k":[1,1,1,1],"ix":4},"o":{"a":0,"k":100,"ix":5},"r":1,"bm":0,"nm":"Fill 1","mn":"ADBE Vector Graphic - Fill","hd":false},{"ty":"tr","p":{"a":1,"k":[{"i":{"x":0.872,"y":1},"o":{"x":0.963,"y":0},"t":2,"s":[132.549,48.89],"to":[0,11.5],"ti":[0,-11.5]},{"i":{"x":0,"y":0},"o":{"x":0.106,"y":0.106},"t":20,"s":[132.549,117.89],"to":[0,0],"ti":[0,0]},{"i":{"x":0.833,"y":0.833},"o":{"x":0.167,"y":0.167},"t":28,"s":[132.549,117.89],"to":[0,-11.5],"ti":[0,11.5]},{"t":30.0000012219251,"s":[132.549,48.89]}],"ix":2},"a":{"a":0,"k":[0,0],"ix":1},"s":{"a":0,"k":[100,100],"ix":3},"r":{"a":0,"k":0,"ix":6},"o":{"a":1,"k":[{"i":{"x":[0.833],"y":[0.833]},"o":{"x":[0.167],"y":[0.167]},"t":27,"s":[100]},{"i":{"x":[0.833],"y":[0.833]},"o":{"x":[0.167],"y":[0.167]},"t":28,"s":[0]},{"t":34.0000013848484,"s":[100]}],"ix":7},"sk":{"a":0,"k":0,"ix":4},"sa":{"a":0,"k":0,"ix":5},"nm":"Transform"}],"nm":"coin-ico02","np":3,"cix":2,"bm":0,"ix":9,"mn":"ADBE Vector Group","hd":false},{"ty":"gr","it":[{"ind":0,"ty":"sh","ix":1,"ks":{"a":1,"k":[{"i":{"x":0.833,"y":0.831},"o":{"x":0.828,"y":0},"t":16,"s":[{"i":[[-42.829,0],[-12.348,-7.753],[0,0],[-13.062,1.919],[0,0],[0.963,-11.09],[-14.24,-7.697],[-1.864,0],[-0.711,0],[0,-1.824],[0,0],[2.126,-2.125],[7.865,-2.622],[0.731,-0.666],[15.711,-10.902],[1.474,-0.792],[1.728,0],[4.069,0],[1.043,0.001],[0.008,-0.002],[12.232,0],[9.183,2.406],[0.007,0],[1.799,0],[0,0],[2.478,1.966],[0,18.613]],"o":[[16.72,0],[0,0],[0.095,0],[0,0],[0.347,-0.002],[-0.77,8.852],[1.691,0.915],[0.802,0],[2.131,0],[0,0],[0,1.695],[-0.76,0.76],[-4.011,1.337],[-7.518,6.849],[-2.55,1.77],[-1.026,0.55],[-2.462,0],[-1.911,0],[-0.008,0],[-5.018,1.1],[-8.376,0],[-0.005,-0.001],[-0.86,-0.002],[0,0],[-3.239,0],[-14.94,-11.857],[0,-35.925]],"v":[[-8.852,-71.176],[36.016,-59.189],[36.018,-59.189],[61,-70.405],[61.001,-70.405],[54.458,-47.697],[74.855,-16.137],[80.422,-15.085],[82.711,-15.111],[86.401,-13.058],[86.401,2.834],[84.092,10.146],[61.756,15.266],[81.213,19.643],[47.915,45.059],[38.292,70.463],[34.18,71.176],[24.439,70.847],[19.072,55.449],[19.05,55.452],[-9.814,58.531],[-32.788,55.147],[-32.806,55.145],[-37.909,70.847],[-50.994,70.847],[-62.54,41.212],[-86.4,-6.129]],"c":true}]},{"i":{"x":0.307,"y":1},"o":{"x":0.167,"y":0.171},"t":26,"s":[{"i":[[-42.829,0],[-12.348,-7.753],[0,0],[-13.062,1.919],[0,0],[0.963,-11.09],[-14.24,-7.697],[-1.864,0],[-0.711,0],[0,-1.824],[0,0],[2.126,-2.125],[4.645,-3.995],[0.731,-0.666],[15.711,-10.902],[1.474,-0.792],[1.728,0],[4.069,0],[1.043,0.001],[0.008,-0.002],[12.232,0],[9.183,2.406],[0.007,0],[1.799,0],[0,0],[2.478,1.966],[0,18.613]],"o":[[16.72,0],[0,0],[0.095,0],[0,0],[0.347,-0.002],[-0.77,8.852],[1.691,0.915],[0.802,0],[2.131,0],[0,0],[0,1.695],[-0.76,0.76],[-3.206,2.757],[-7.518,6.849],[-2.55,1.77],[-1.026,0.55],[-2.462,0],[-1.911,0],[-0.008,0],[-5.018,1.1],[-8.376,0],[-0.005,-0.001],[-0.86,-0.002],[0,0],[-3.239,0],[-14.94,-11.857],[0,-35.925]],"v":[[-8.852,-71.176],[36.016,-59.189],[36.018,-59.189],[60.5,-66.905],[61.501,-63.905],[54.458,-47.697],[74.855,-16.137],[80.422,-15.085],[82.711,-15.111],[86.401,-13.058],[86.401,2.834],[84.092,10.146],[58.756,11.766],[81.213,19.643],[47.915,45.059],[38.292,70.463],[34.18,71.176],[24.439,70.847],[19.072,55.449],[19.05,55.452],[-9.814,58.531],[-32.788,55.147],[-32.806,55.145],[-37.909,70.847],[-50.994,70.847],[-62.54,41.212],[-86.4,-6.129]],"c":true}]},{"t":33.0000013441176,"s":[{"i":[[-42.829,0],[-12.348,-7.753],[0,0],[-13.062,1.919],[0,0],[0.963,-11.09],[-14.24,-7.697],[-1.864,0],[-0.711,0],[0,-1.824],[0,0],[2.126,-2.125],[7.865,-2.622],[0.731,-0.666],[15.711,-10.902],[1.474,-0.792],[1.728,0],[4.069,0],[1.043,0.001],[0.008,-0.002],[12.232,0],[9.183,2.406],[0.007,0],[1.799,0],[0,0],[2.478,1.966],[0,18.613]],"o":[[16.72,0],[0,0],[0.095,0],[0,0],[0.347,-0.002],[-0.77,8.852],[1.691,0.915],[0.802,0],[2.131,0],[0,0],[0,1.695],[-0.76,0.76],[-4.011,1.337],[-7.518,6.849],[-2.55,1.77],[-1.026,0.55],[-2.462,0],[-1.911,0],[-0.008,0],[-5.018,1.1],[-8.376,0],[-0.005,-0.001],[-0.86,-0.002],[0,0],[-3.239,0],[-14.94,-11.857],[0,-35.925]],"v":[[-8.852,-71.176],[36.016,-59.189],[36.018,-59.189],[61,-70.405],[61.001,-70.405],[54.458,-47.697],[74.855,-16.137],[80.422,-15.085],[82.711,-15.111],[86.401,-13.058],[86.401,2.834],[84.092,10.146],[61.756,15.266],[81.213,19.643],[47.915,45.059],[38.292,70.463],[34.18,71.176],[24.439,70.847],[19.072,55.449],[19.05,55.452],[-9.814,58.531],[-32.788,55.147],[-32.806,55.145],[-37.909,70.847],[-50.994,70.847],[-62.54,41.212],[-86.4,-6.129]],"c":true}]}],"ix":2},"nm":"Path 1","mn":"ADBE Vector Shape - Group","hd":false},{"ty":"st","c":{"a":0,"k":[0.043000000598,0.277999997606,0.525,1],"ix":3},"o":{"a":0,"k":100,"ix":4},"w":{"a":0,"k":5,"ix":5},"lc":1,"lj":1,"ml":10,"bm":0,"nm":"Stroke 1","mn":"ADBE Vector Graphic - Stroke","hd":false},{"ty":"fl","c":{"a":0,"k":[1,1,1,1],"ix":4},"o":{"a":0,"k":100,"ix":5},"r":1,"bm":0,"nm":"Fill 1","mn":"ADBE Vector Graphic - Fill","hd":false},{"ty":"tr","p":{"a":0,"k":[143.599,148.229],"ix":2},"a":{"a":0,"k":[0,0],"ix":1},"s":{"a":0,"k":[100,100],"ix":3},"r":{"a":0,"k":0,"ix":6},"o":{"a":0,"k":100,"ix":7},"sk":{"a":0,"k":0,"ix":4},"sa":{"a":0,"k":0,"ix":5},"nm":"Transform"}],"nm":"body-ico02","np":3,"cix":2,"bm":0,"ix":10,"mn":"ADBE Vector Group","hd":false}],"ip":0,"op":35.0000014255792,"st":0,"bm":0}],"markers":[]}