{"v":"5.5.4","fr":29.9700012207031,"ip":0,"op":35.0000014255792,"w":300,"h":290,"nm":"i08-iconSet-6th","ddd":0,"assets":[],"layers":[{"ddd":0,"ind":1,"ty":4,"nm":"line OK","parent":3,"sr":1,"ks":{"o":{"a":0,"k":100,"ix":11},"r":{"a":0,"k":0,"ix":10},"p":{"a":0,"k":[150,175,0],"ix":2},"a":{"a":0,"k":[0,0,0],"ix":1},"s":{"a":0,"k":[100,100,100],"ix":6}},"ao":0,"shapes":[{"ty":"gr","it":[{"ind":0,"ty":"sh","ix":1,"ks":{"a":0,"k":{"i":[[0,0],[0,0],[0,0]],"o":[[0,0],[0,0],[0,0]],"v":[[-46.188,-37.313],[-41.688,-31.813],[-31.688,-41.938]],"c":false},"ix":2},"nm":"Path 1","mn":"ADBE Vector Shape - Group","hd":false},{"ty":"st","c":{"a":0,"k":[0.086274509804,0.282352941176,0.521568627451,1],"ix":3},"o":{"a":0,"k":100,"ix":4},"w":{"a":0,"k":5,"ix":5},"lc":2,"lj":1,"ml":1,"bm":0,"nm":"Stroke 1","mn":"ADBE Vector Graphic - Stroke","hd":false},{"ty":"tr","p":{"a":0,"k":[0,0],"ix":2},"a":{"a":0,"k":[0,0],"ix":1},"s":{"a":0,"k":[100,100],"ix":3},"r":{"a":0,"k":0,"ix":6},"o":{"a":0,"k":100,"ix":7},"sk":{"a":0,"k":0,"ix":4},"sa":{"a":0,"k":0,"ix":5},"nm":"Transform"}],"nm":"Shape 1","np":3,"cix":2,"bm":0,"ix":1,"mn":"ADBE Vector Group","hd":false},{"ty":"tm","s":{"a":0,"k":0,"ix":1},"e":{"a":1,"k":[{"i":{"x":[0.833],"y":[0.898]},"o":{"x":[0],"y":[0]},"t":0,"s":[100]},{"i":{"x":[0.833],"y":[0.988]},"o":{"x":[0.952],"y":[0.066]},"t":3,"s":[0]},{"t":13.0000005295009,"s":[100]}],"ix":2},"o":{"a":0,"k":0,"ix":3},"m":1,"ix":2,"nm":"Trim Paths 1","mn":"ADBE Vector Filter - Trim","hd":false}],"ip":0,"op":35.0000014255792,"st":0,"bm":0},{"ddd":0,"ind":2,"ty":4,"nm":"line BG","parent":3,"sr":1,"ks":{"o":{"a":0,"k":100,"ix":11},"r":{"a":0,"k":0,"ix":10},"p":{"a":0,"k":[150,175,0],"ix":2},"a":{"a":0,"k":[0,0,0],"ix":1},"s":{"a":0,"k":[100,100,100],"ix":6}},"ao":0,"shapes":[{"ty":"gr","it":[{"ind":0,"ty":"sh","ix":1,"ks":{"a":0,"k":{"i":[[0,0],[0,0],[0,0]],"o":[[0,0],[0,0],[0,0]],"v":[[-45.938,-37.688],[-41.688,-31.813],[-31.688,-41.938]],"c":false},"ix":2},"nm":"Path 1","mn":"ADBE Vector Shape - Group","hd":false},{"ty":"st","c":{"a":0,"k":[1,1,1,1],"ix":3},"o":{"a":0,"k":100,"ix":4},"w":{"a":0,"k":10,"ix":5},"lc":2,"lj":1,"ml":1,"bm":0,"nm":"Stroke 1","mn":"ADBE Vector Graphic - Stroke","hd":false},{"ty":"tr","p":{"a":0,"k":[0,0],"ix":2},"a":{"a":0,"k":[0,0],"ix":1},"s":{"a":0,"k":[100,100],"ix":3},"r":{"a":0,"k":0,"ix":6},"o":{"a":0,"k":100,"ix":7},"sk":{"a":0,"k":0,"ix":4},"sa":{"a":0,"k":0,"ix":5},"nm":"Transform"}],"nm":"Shape 1","np":3,"cix":2,"bm":0,"ix":1,"mn":"ADBE Vector Group","hd":false},{"ty":"tm","s":{"a":0,"k":0,"ix":1},"e":{"a":1,"k":[{"i":{"x":[0.833],"y":[0.898]},"o":{"x":[0],"y":[0]},"t":0,"s":[100]},{"i":{"x":[0.833],"y":[0.988]},"o":{"x":[0.952],"y":[0.066]},"t":3,"s":[0]},{"t":13.0000005295009,"s":[100]}],"ix":2},"o":{"a":0,"k":0,"ix":3},"m":1,"ix":2,"nm":"Trim Paths 1","mn":"ADBE Vector Filter - Trim","hd":false}],"ip":0,"op":35.0000014255792,"st":0,"bm":0},{"ddd":0,"ind":3,"ty":4,"nm":"i08-iconSet-6th Outlines","sr":1,"ks":{"o":{"a":0,"k":100,"ix":11},"r":{"a":0,"k":0,"ix":10},"p":{"a":1,"k":[{"i":{"x":0.833,"y":0.833},"o":{"x":0.167,"y":0.046},"t":16,"s":[150,145,0],"to":[0,0.333,0],"ti":[0,0,0]},{"i":{"x":0.833,"y":0.947},"o":{"x":0.167,"y":0.167},"t":19,"s":[150,147,0],"to":[0,0,0],"ti":[0,0.333,0]},{"t":22.0000008960784,"s":[150,145,0]}],"ix":2},"a":{"a":0,"k":[150,145,0],"ix":1},"s":{"a":0,"k":[100,100,100],"ix":6}},"ao":0,"shapes":[{"ty":"gr","it":[{"ind":0,"ty":"sh","ix":1,"ks":{"a":0,"k":{"i":[[0,0],[0,0]],"o":[[0,0],[0,0]],"v":[[132.5,85.5],[168.5,85.5]],"c":false},"ix":2},"nm":"Path 1","mn":"ADBE Vector Shape - Group","hd":false},{"ty":"st","c":{"a":0,"k":[0.043000000598,0.277999997606,0.525,1],"ix":3},"o":{"a":0,"k":100,"ix":4},"w":{"a":0,"k":7,"ix":5},"lc":2,"lj":1,"ml":10,"bm":0,"nm":"Stroke 1","mn":"ADBE Vector Graphic - Stroke","hd":false},{"ty":"tr","p":{"a":0,"k":[0,0],"ix":2},"a":{"a":0,"k":[0,0],"ix":1},"s":{"a":0,"k":[100,100],"ix":3},"r":{"a":0,"k":0,"ix":6},"o":{"a":0,"k":100,"ix":7},"sk":{"a":0,"k":0,"ix":4},"sa":{"a":0,"k":0,"ix":5},"nm":"Transform"}],"nm":"Group 1","np":2,"cix":2,"bm":0,"ix":1,"mn":"ADBE Vector Group","hd":false},{"ty":"gr","it":[{"ind":0,"ty":"sh","ix":1,"ks":{"a":0,"k":{"i":[[0,0],[0,0]],"o":[[0,0],[0,0]],"v":[[117,85],[121,85]],"c":false},"ix":2},"nm":"Path 1","mn":"ADBE Vector Shape - Group","hd":false},{"ty":"st","c":{"a":0,"k":[0.043000000598,0.277999997606,0.525,1],"ix":3},"o":{"a":0,"k":100,"ix":4},"w":{"a":0,"k":7,"ix":5},"lc":2,"lj":1,"ml":10,"bm":0,"nm":"Stroke 1","mn":"ADBE Vector Graphic - Stroke","hd":false},{"ty":"tr","p":{"a":0,"k":[0,0],"ix":2},"a":{"a":0,"k":[0,0],"ix":1},"s":{"a":0,"k":[100,100],"ix":3},"r":{"a":0,"k":0,"ix":6},"o":{"a":0,"k":100,"ix":7},"sk":{"a":0,"k":0,"ix":4},"sa":{"a":0,"k":0,"ix":5},"nm":"Transform"}],"nm":"Group 2","np":2,"cix":2,"bm":0,"ix":2,"mn":"ADBE Vector Group","hd":false},{"ty":"gr","it":[{"ind":0,"ty":"sh","ix":1,"ks":{"a":0,"k":{"i":[[0,0],[0,0],[-0.523,8.779]],"o":[[0,0],[5.702,-5.973],[0,0]],"v":[[-15.443,-9.574],[5.562,11.34],[15.443,-11.34]],"c":true},"ix":2},"nm":"Path 1","mn":"ADBE Vector Shape - Group","hd":false},{"ty":"fl","c":{"a":0,"k":[0.043000000598,0.277999997606,0.525,1],"ix":4},"o":{"a":0,"k":100,"ix":5},"r":1,"bm":0,"nm":"Fill 1","mn":"ADBE Vector Graphic - Fill","hd":false},{"ty":"tr","p":{"a":0,"k":[215.471,222.513],"ix":2},"a":{"a":0,"k":[0,0],"ix":1},"s":{"a":0,"k":[100,100],"ix":3},"r":{"a":0,"k":0,"ix":6},"o":{"a":1,"k":[{"i":{"x":[0.833],"y":[0.833]},"o":{"x":[0.167],"y":[0.167]},"t":2,"s":[100]},{"i":{"x":[0.833],"y":[0.833]},"o":{"x":[0.167],"y":[0.167]},"t":3,"s":[20]},{"i":{"x":[0.833],"y":[0.833]},"o":{"x":[0.167],"y":[0.167]},"t":17,"s":[20]},{"t":19.0000007738859,"s":[100]}],"ix":7},"sk":{"a":0,"k":0,"ix":4},"sa":{"a":0,"k":0,"ix":5},"nm":"Transform"}],"nm":"Group 3","np":2,"cix":2,"bm":0,"ix":3,"mn":"ADBE Vector Group","hd":false},{"ty":"gr","it":[{"ind":0,"ty":"sh","ix":1,"ks":{"a":1,"k":[{"i":{"x":0.667,"y":1},"o":{"x":0.167,"y":0.167},"t":19,"s":[{"i":[[0,0],[18.168,1.159],[0,0]],"o":[[-0.95,-18.225],[0,0],[0,0]],"v":[[16.803,16.043],[-16.804,-17.964],[-16.804,17.964]],"c":true}]},{"i":{"x":0.833,"y":0.833},"o":{"x":0.333,"y":0},"t":22,"s":[{"i":[[0,0],[21.427,-2.595],[0,0]],"o":[[-0.95,-18.225],[0,0],[0,0]],"v":[[16.803,16.043],[-22.554,-16.964],[-16.804,17.964]],"c":true}]},{"t":25.0000010182709,"s":[{"i":[[0,0],[18.168,1.159],[0,0]],"o":[[-0.95,-18.225],[0,0],[0,0]],"v":[[16.803,16.043],[-16.804,-17.964],[-16.804,17.964]],"c":true}]}],"ix":2},"nm":"Path 1","mn":"ADBE Vector Shape - Group","hd":false},{"ty":"fl","c":{"a":0,"k":[0.043000000598,0.277999997606,0.525,1],"ix":4},"o":{"a":0,"k":100,"ix":5},"r":1,"bm":0,"nm":"Fill 1","mn":"ADBE Vector Graphic - Fill","hd":false},{"ty":"tr","p":{"a":0,"k":[214.127,191.058],"ix":2},"a":{"a":0,"k":[0,0],"ix":1},"s":{"a":0,"k":[100,100],"ix":3},"r":{"a":0,"k":0,"ix":6},"o":{"a":0,"k":100,"ix":7},"sk":{"a":0,"k":0,"ix":4},"sa":{"a":0,"k":0,"ix":5},"nm":"Transform"}],"nm":"Group 4","np":2,"cix":2,"bm":0,"ix":4,"mn":"ADBE Vector Group","hd":false},{"ty":"gr","it":[{"ind":0,"ty":"sh","ix":1,"ks":{"a":1,"k":[{"i":{"x":0.833,"y":0.833},"o":{"x":0.409,"y":0.277},"t":17,"s":[{"i":[[0,0],[0,-19.102],[-19.883,0],[-6.242,5.199],[0,0]],"o":[[-18.798,1.198],[0,19.882],[8.758,0],[0,0],[0,0]],"v":[[4.165,-35.958],[-29.512,-0.042],[6.488,35.958],[29.512,27.628],[4.165,2.28]],"c":true}]},{"i":{"x":0.386,"y":0.494},"o":{"x":0.167,"y":0.167},"t":22,"s":[{"i":[[0,0],[0,-19.102],[-19.883,0],[-6.242,5.199],[0,0]],"o":[[-12.677,1.167],[0,19.882],[8.758,0],[0,0],[0,0]],"v":[[-2.335,-33.958],[-29.512,-0.042],[6.488,35.958],[29.512,27.628],[4.165,2.28]],"c":true}]},{"t":25.0000010182709,"s":[{"i":[[0,0],[0,-19.102],[-19.883,0],[-6.242,5.199],[0,0]],"o":[[-18.798,1.198],[0,19.882],[8.758,0],[0,0],[0,0]],"v":[[4.165,-35.958],[-29.512,-0.042],[6.488,35.958],[29.512,27.628],[4.165,2.28]],"c":true}]}],"ix":2},"nm":"Path 1","mn":"ADBE Vector Shape - Group","hd":false},{"ind":1,"ty":"sh","ix":2,"ks":{"a":1,"k":[{"i":{"x":0.833,"y":0.833},"o":{"x":0.409,"y":0.277},"t":17,"s":[{"i":[[-12.561,3.626],[0,0],[0,0],[0,0],[0,0],[4.751,0],[0,16.542]],"o":[[0,0],[0,0],[0,0],[0,0],[-4.187,2.129],[-16.542,0],[0,-13.571]],"v":[[-1.835,-28.863],[-1.835,2.28],[-1.835,4.766],[-0.079,6.523],[20.091,26.693],[6.488,29.958],[-23.512,-0.042]],"c":true}]},{"i":{"x":0.386,"y":0.494},"o":{"x":0.167,"y":0.167},"t":22,"s":[{"i":[[-7.927,3.071],[0,0],[0,0],[0,0],[0,0],[4.751,0],[0,16.542]],"o":[[0,0],[0,0],[0,0],[0,0],[-4.187,2.129],[-16.542,0],[0,-13.571]],"v":[[-7.585,-27.613],[-1.835,2.28],[-1.835,4.766],[-0.079,6.523],[20.091,26.693],[6.488,29.958],[-23.512,-0.042]],"c":true}]},{"t":25.0000010182709,"s":[{"i":[[-12.561,3.626],[0,0],[0,0],[0,0],[0,0],[4.751,0],[0,16.542]],"o":[[0,0],[0,0],[0,0],[0,0],[-4.187,2.129],[-16.542,0],[0,-13.571]],"v":[[-1.835,-28.863],[-1.835,2.28],[-1.835,4.766],[-0.079,6.523],[20.091,26.693],[6.488,29.958],[-23.512,-0.042]],"c":true}]}],"ix":2},"nm":"Path 2","mn":"ADBE Vector Shape - Group","hd":false},{"ty":"mm","mm":1,"nm":"Merge Paths 1","mn":"ADBE Vector Filter - Merge","hd":false},{"ty":"fl","c":{"a":0,"k":[0.043000000598,0.277999997606,0.525,1],"ix":4},"o":{"a":0,"k":100,"ix":5},"r":1,"bm":0,"nm":"Fill 1","mn":"ADBE Vector Graphic - Fill","hd":false},{"ty":"tr","p":{"a":0,"k":[188.513,209.042],"ix":2},"a":{"a":0,"k":[0,0],"ix":1},"s":{"a":0,"k":[100,100],"ix":3},"r":{"a":0,"k":0,"ix":6},"o":{"a":0,"k":100,"ix":7},"sk":{"a":0,"k":0,"ix":4},"sa":{"a":0,"k":0,"ix":5},"nm":"Transform"}],"nm":"Group 5","np":4,"cix":2,"bm":0,"ix":5,"mn":"ADBE Vector Group","hd":false},{"ty":"gr","it":[{"ind":0,"ty":"sh","ix":1,"ks":{"a":0,"k":{"i":[[0.892,2.097],[0,0],[0,3.704],[0,0],[-3.703,0],[0,0],[0,1.657],[1.656,0],[0,0],[0,-7.018],[0,0],[-7.017,0],[0,0]],"o":[[0,0],[-3.703,0],[0,0],[0,-3.704],[0,0],[1.656,0],[0,-1.657],[0,0],[-7.017,0],[0,0],[0,7.018],[0,0],[-1.215,-1.901]],"v":[[37.955,79.5],[-28.425,79.5],[-35.132,72.794],[-35.132,-72.794],[-28.425,-79.5],[-8.298,-79.5],[-5.298,-82.5],[-8.298,-85.5],[-28.425,-85.5],[-41.132,-72.794],[-41.132,72.794],[-28.425,85.5],[41.132,85.5]],"c":true},"ix":2},"nm":"Path 1","mn":"ADBE Vector Shape - Group","hd":false},{"ty":"fl","c":{"a":0,"k":[0.043000000598,0.277999997606,0.525,1],"ix":4},"o":{"a":0,"k":100,"ix":5},"r":1,"bm":0,"nm":"Fill 1","mn":"ADBE Vector Graphic - Fill","hd":false},{"ty":"tr","p":{"a":0,"k":[119.298,145.5],"ix":2},"a":{"a":0,"k":[0,0],"ix":1},"s":{"a":0,"k":[100,100],"ix":3},"r":{"a":0,"k":0,"ix":6},"o":{"a":0,"k":100,"ix":7},"sk":{"a":0,"k":0,"ix":4},"sa":{"a":0,"k":0,"ix":5},"nm":"Transform"}],"nm":"Group 6","np":2,"cix":2,"bm":0,"ix":6,"mn":"ADBE Vector Group","hd":false},{"ty":"gr","it":[{"ind":0,"ty":"sh","ix":1,"ks":{"a":0,"k":{"i":[[-1.657,0],[0,0],[0,-3.704],[0,0],[-1.94,-0.661],[0,0],[7.017,0],[0,0],[0,-1.657]],"o":[[0,0],[3.704,0],[0,0],[2.057,0.364],[0,0],[0,-7.018],[0,0],[-1.657,0],[0,1.657]],"v":[[-15.083,-49.091],[5.378,-49.091],[12.083,-42.385],[12.083,53.549],[18.083,55.091],[18.083,-42.385],[5.378,-55.091],[-15.083,-55.091],[-18.083,-52.091]],"c":true},"ix":2},"nm":"Path 1","mn":"ADBE Vector Shape - Group","hd":false},{"ty":"fl","c":{"a":0,"k":[0.043000000598,0.277999997606,0.525,1],"ix":4},"o":{"a":0,"k":100,"ix":5},"r":1,"bm":0,"nm":"Fill 1","mn":"ADBE Vector Graphic - Fill","hd":false},{"ty":"tr","p":{"a":0,"k":[190.083,115.091],"ix":2},"a":{"a":0,"k":[0,0],"ix":1},"s":{"a":0,"k":[100,100],"ix":3},"r":{"a":0,"k":0,"ix":6},"o":{"a":0,"k":100,"ix":7},"sk":{"a":0,"k":0,"ix":4},"sa":{"a":0,"k":0,"ix":5},"nm":"Transform"}],"nm":"Group 7","np":2,"cix":2,"bm":0,"ix":7,"mn":"ADBE Vector Group","hd":false},{"ty":"gr","it":[{"ind":0,"ty":"sh","ix":1,"ks":{"a":0,"k":{"i":[[0,0],[1.135,0],[0,0],[0,1.134],[0,0],[-1.134,0],[0,0],[0,-1.133]],"o":[[0,1.134],[0,0],[-1.134,0],[0,0],[0,-1.133],[0,0],[1.135,0],[0,0]],"v":[[19,3.9],[16.946,5.954],[-16.946,5.954],[-19,3.9],[-19,-0.993],[-16.946,-3.046],[16.946,-3.046],[19,-0.993]],"c":true},"ix":2},"nm":"Path 1","mn":"ADBE Vector Shape - Group","hd":false},{"ind":1,"ty":"sh","ix":2,"ks":{"a":0,"k":{"i":[[4.441,0],[0,0],[2.154,0],[1.01,-1.738],[0,0],[0,-4.44],[0,0],[-4.441,0],[0,0],[0,4.44],[0,0]],"o":[[0,0],[-1.011,-1.738],[-2.154,0],[0,0],[-4.441,0],[0,0],[0,4.44],[0,0],[4.441,0],[0,0],[0,-4.44]],"v":[[16.946,-9.046],[5.042,-9.046],[0,-11.954],[-5.041,-9.046],[-16.946,-9.046],[-25,-0.993],[-25,3.9],[-16.946,11.954],[16.946,11.954],[25,3.9],[25,-0.993]],"c":true},"ix":2},"nm":"Path 2","mn":"ADBE Vector Shape - Group","hd":false},{"ty":"mm","mm":1,"nm":"Merge Paths 1","mn":"ADBE Vector Filter - Merge","hd":false},{"ty":"fl","c":{"a":0,"k":[0.043000000598,0.277999997606,0.525,1],"ix":4},"o":{"a":0,"k":100,"ix":5},"r":1,"bm":0,"nm":"Fill 1","mn":"ADBE Vector Graphic - Fill","hd":false},{"ty":"tr","p":{"a":0,"k":[143.167,55.046],"ix":2},"a":{"a":0,"k":[0,0],"ix":1},"s":{"a":0,"k":[100,100],"ix":3},"r":{"a":0,"k":0,"ix":6},"o":{"a":0,"k":100,"ix":7},"sk":{"a":0,"k":0,"ix":4},"sa":{"a":0,"k":0,"ix":5},"nm":"Transform"}],"nm":"Group 8","np":4,"cix":2,"bm":0,"ix":8,"mn":"ADBE Vector Group","hd":false},{"ty":"gr","it":[{"ind":0,"ty":"sh","ix":1,"ks":{"a":0,"k":{"i":[[0,0],[0,0],[0.959,-0.959],[-0.959,-0.959],[0,0],[-0.959,0.958],[0,0],[0.959,0.959],[0.959,-0.959]],"o":[[0,0],[-0.959,-0.959],[-0.959,0.959],[0,0],[0.96,0.958],[0,0],[0.959,-0.959],[-0.959,-0.959],[0,0]],"v":[[-2.559,1.072],[-4.793,-1.162],[-8.267,-1.162],[-8.267,2.311],[-4.296,6.282],[-0.823,6.282],[8.266,-2.807],[8.266,-6.281],[4.794,-6.281]],"c":true},"ix":2},"nm":"Path 1","mn":"ADBE Vector Shape - Group","hd":false},{"ty":"fl","c":{"a":0,"k":[0.043000000598,0.277999997606,0.525,1],"ix":4},"o":{"a":0,"k":100,"ix":5},"r":1,"bm":0,"nm":"Fill 1","mn":"ADBE Vector Graphic - Fill","hd":false},{"ty":"tr","p":{"a":0,"k":[111.014,197.387],"ix":2},"a":{"a":0,"k":[0,0],"ix":1},"s":{"a":0,"k":[100,100],"ix":3},"r":{"a":0,"k":0,"ix":6},"o":{"a":0,"k":100,"ix":7},"sk":{"a":0,"k":0,"ix":4},"sa":{"a":0,"k":0,"ix":5},"nm":"Transform"}],"nm":"Group 9","np":2,"cix":2,"bm":0,"ix":9,"mn":"ADBE Vector Group","hd":false},{"ty":"gr","it":[{"ind":0,"ty":"sh","ix":1,"ks":{"a":0,"k":{"i":[[0,0],[0,0],[0.959,-0.959],[-0.959,-0.959],[0,0],[-0.959,0.958],[0,0],[0.959,0.959],[0.959,-0.959]],"o":[[0,0],[-0.959,-0.959],[-0.959,0.959],[0,0],[0.96,0.958],[0,0],[0.959,-0.959],[-0.959,-0.959],[0,0]],"v":[[-3.059,1.572],[-5.293,-0.662],[-8.767,-0.662],[-8.767,2.811],[-4.796,6.782],[-1.323,6.782],[8.766,-3.307],[8.766,-6.781],[5.294,-6.781]],"c":true},"ix":2},"nm":"Path 1","mn":"ADBE Vector Shape - Group","hd":false},{"ty":"st","c":{"a":0,"k":[1,1,1,1],"ix":3},"o":{"a":0,"k":100,"ix":4},"w":{"a":0,"k":5,"ix":5},"lc":1,"lj":1,"ml":10,"bm":0,"nm":"Stroke 1","mn":"ADBE Vector Graphic - Stroke","hd":false},{"ty":"fl","c":{"a":0,"k":[0.043000000598,0.277999997606,0.525,1],"ix":4},"o":{"a":0,"k":100,"ix":5},"r":1,"bm":0,"nm":"Fill 1","mn":"ADBE Vector Graphic - Fill","hd":false},{"ty":"tr","p":{"a":0,"k":[111.514,196.887],"ix":2},"a":{"a":0,"k":[0,0],"ix":1},"s":{"a":0,"k":[100,100],"ix":3},"r":{"a":0,"k":0,"ix":6},"o":{"a":0,"k":100,"ix":7},"sk":{"a":0,"k":0,"ix":4},"sa":{"a":0,"k":0,"ix":5},"nm":"Transform"}],"nm":"Group 10","np":3,"cix":2,"bm":0,"ix":10,"mn":"ADBE Vector Group","hd":false},{"ty":"gr","it":[{"ind":0,"ty":"sh","ix":1,"ks":{"a":0,"k":{"i":[[1.502,0],[0,0],[0,1.503],[0,0],[-1.502,0],[0,0],[0,-1.503],[0,0]],"o":[[0,0],[-1.502,0],[0,0],[0,-1.503],[0,0],[1.502,0],[0,0],[0,1.503]],"v":[[7.779,10.5],[-7.78,10.5],[-10.5,7.779],[-10.5,-7.779],[-7.78,-10.5],[7.779,-10.5],[10.5,-7.779],[10.5,7.779]],"c":true},"ix":2},"nm":"Path 1","mn":"ADBE Vector Shape - Group","hd":false},{"ty":"st","c":{"a":0,"k":[0.086000001197,0.282000014361,0.522000002394,1],"ix":3},"o":{"a":0,"k":100,"ix":4},"w":{"a":0,"k":3.5,"ix":5},"lc":1,"lj":1,"ml":10,"bm":0,"nm":"Stroke 1","mn":"ADBE Vector Graphic - Stroke","hd":false},{"ty":"tr","p":{"a":0,"k":[107.5,198.5],"ix":2},"a":{"a":0,"k":[0,0],"ix":1},"s":{"a":0,"k":[100,100],"ix":3},"r":{"a":0,"k":0,"ix":6},"o":{"a":0,"k":100,"ix":7},"sk":{"a":0,"k":0,"ix":4},"sa":{"a":0,"k":0,"ix":5},"nm":"Transform"}],"nm":"Group 11","np":2,"cix":2,"bm":0,"ix":11,"mn":"ADBE Vector Group","hd":false},{"ty":"gr","it":[{"ind":0,"ty":"sh","ix":1,"ks":{"a":0,"k":{"i":[[-0.687,1.996],[0,0],[0,-1.707],[-1.707,0],[0,0]],"o":[[0,0],[-1.707,0],[0,1.706],[0,0],[0.374,-2.12]],"v":[[14.29,-3.09],[-11.2,-3.09],[-14.291,0.001],[-11.2,3.091],[12.694,3.091]],"c":true},"ix":2},"nm":"Path 1","mn":"ADBE Vector Shape - Group","hd":false},{"ty":"fl","c":{"a":0,"k":[0.043000000598,0.277999997606,0.525,1],"ix":4},"o":{"a":0,"k":100,"ix":5},"r":1,"bm":0,"nm":"Fill 1","mn":"ADBE Vector Graphic - Fill","hd":false},{"ty":"tr","p":{"a":0,"k":[141.938,198.786],"ix":2},"a":{"a":0,"k":[0,0],"ix":1},"s":{"a":0,"k":[100,100],"ix":3},"r":{"a":0,"k":0,"ix":6},"o":{"a":0,"k":100,"ix":7},"sk":{"a":0,"k":0,"ix":4},"sa":{"a":0,"k":0,"ix":5},"nm":"Transform"}],"nm":"Group 12","np":2,"cix":2,"bm":0,"ix":12,"mn":"ADBE Vector Group","hd":false},{"ty":"gr","it":[{"ind":0,"ty":"sh","ix":1,"ks":{"a":0,"k":{"i":[[0,0],[0,0],[0.959,-0.959],[-0.959,-0.959],[0,0],[-0.959,0.958],[0,0],[0.959,0.959],[0.959,-0.959]],"o":[[0,0],[-0.959,-0.959],[-0.959,0.959],[0,0],[0.96,0.958],[0,0],[0.959,-0.959],[-0.959,-0.959],[0,0]],"v":[[-2.559,1.072],[-4.793,-1.162],[-8.267,-1.162],[-8.267,2.311],[-4.296,6.282],[-0.823,6.282],[8.266,-2.807],[8.266,-6.281],[4.794,-6.281]],"c":true},"ix":2},"nm":"Path 1","mn":"ADBE Vector Shape - Group","hd":false},{"ty":"fl","c":{"a":0,"k":[0.043000000598,0.277999997606,0.525,1],"ix":4},"o":{"a":0,"k":100,"ix":5},"r":1,"bm":0,"nm":"Fill 1","mn":"ADBE Vector Graphic - Fill","hd":false},{"ty":"tr","p":{"a":0,"k":[111.014,167.387],"ix":2},"a":{"a":0,"k":[0,0],"ix":1},"s":{"a":0,"k":[100,100],"ix":3},"r":{"a":0,"k":0,"ix":6},"o":{"a":0,"k":100,"ix":7},"sk":{"a":0,"k":0,"ix":4},"sa":{"a":0,"k":0,"ix":5},"nm":"Transform"}],"nm":"Group 13","np":2,"cix":2,"bm":0,"ix":13,"mn":"ADBE Vector Group","hd":false},{"ty":"gr","it":[{"ind":0,"ty":"sh","ix":1,"ks":{"a":0,"k":{"i":[[0,0],[0,0],[0.959,-0.959],[-0.959,-0.959],[0,0],[-0.959,0.958],[0,0],[0.959,0.959],[0.959,-0.959]],"o":[[0,0],[-0.959,-0.959],[-0.959,0.959],[0,0],[0.96,0.958],[0,0],[0.959,-0.959],[-0.959,-0.959],[0,0]],"v":[[-3.059,1.572],[-5.293,-0.662],[-8.767,-0.662],[-8.767,2.811],[-4.796,6.782],[-1.323,6.782],[8.766,-3.307],[8.766,-6.781],[5.294,-6.781]],"c":true},"ix":2},"nm":"Path 1","mn":"ADBE Vector Shape - Group","hd":false},{"ty":"st","c":{"a":0,"k":[1,1,1,1],"ix":3},"o":{"a":0,"k":100,"ix":4},"w":{"a":0,"k":5,"ix":5},"lc":1,"lj":1,"ml":10,"bm":0,"nm":"Stroke 1","mn":"ADBE Vector Graphic - Stroke","hd":false},{"ty":"fl","c":{"a":0,"k":[0.043000000598,0.277999997606,0.525,1],"ix":4},"o":{"a":0,"k":100,"ix":5},"r":1,"bm":0,"nm":"Fill 1","mn":"ADBE Vector Graphic - Fill","hd":false},{"ty":"tr","p":{"a":0,"k":[111.514,166.887],"ix":2},"a":{"a":0,"k":[0,0],"ix":1},"s":{"a":0,"k":[100,100],"ix":3},"r":{"a":0,"k":0,"ix":6},"o":{"a":0,"k":100,"ix":7},"sk":{"a":0,"k":0,"ix":4},"sa":{"a":0,"k":0,"ix":5},"nm":"Transform"}],"nm":"Group 14","np":3,"cix":2,"bm":0,"ix":14,"mn":"ADBE Vector Group","hd":false},{"ty":"gr","it":[{"ind":0,"ty":"sh","ix":1,"ks":{"a":0,"k":{"i":[[1.502,0],[0,0],[0,1.503],[0,0],[-1.502,0],[0,0],[0,-1.503],[0,0]],"o":[[0,0],[-1.502,0],[0,0],[0,-1.503],[0,0],[1.502,0],[0,0],[0,1.503]],"v":[[7.779,10.5],[-7.78,10.5],[-10.5,7.779],[-10.5,-7.779],[-7.78,-10.5],[7.779,-10.5],[10.5,-7.779],[10.5,7.779]],"c":true},"ix":2},"nm":"Path 1","mn":"ADBE Vector Shape - Group","hd":false},{"ty":"st","c":{"a":0,"k":[0.086000001197,0.282000014361,0.522000002394,1],"ix":3},"o":{"a":0,"k":100,"ix":4},"w":{"a":0,"k":3.5,"ix":5},"lc":1,"lj":1,"ml":10,"bm":0,"nm":"Stroke 1","mn":"ADBE Vector Graphic - Stroke","hd":false},{"ty":"tr","p":{"a":0,"k":[107.5,168.5],"ix":2},"a":{"a":0,"k":[0,0],"ix":1},"s":{"a":0,"k":[100,100],"ix":3},"r":{"a":0,"k":0,"ix":6},"o":{"a":0,"k":100,"ix":7},"sk":{"a":0,"k":0,"ix":4},"sa":{"a":0,"k":0,"ix":5},"nm":"Transform"}],"nm":"Group 15","np":2,"cix":2,"bm":0,"ix":15,"mn":"ADBE Vector Group","hd":false},{"ty":"gr","it":[{"ind":0,"ty":"sh","ix":1,"ks":{"a":0,"k":{"i":[[-5.35,0.333],[1.43,0],[0,0],[0,-1.707],[-1.707,0],[0,0]],"o":[[-0.353,-1.318],[0,0],[-1.707,0],[0,1.707],[0,0],[4.604,-2.198]],"v":[[32.391,-0.797],[29.417,-3.091],[-29.301,-3.091],[-32.392,0],[-29.301,3.091],[17.362,3.091]],"c":true},"ix":2},"nm":"Path 1","mn":"ADBE Vector Shape - Group","hd":false},{"ty":"fl","c":{"a":0,"k":[0.043000000598,0.277999997606,0.525,1],"ix":4},"o":{"a":0,"k":100,"ix":5},"r":1,"bm":0,"nm":"Fill 1","mn":"ADBE Vector Graphic - Fill","hd":false},{"ty":"tr","p":{"a":0,"k":[160.039,168.886],"ix":2},"a":{"a":0,"k":[0,0],"ix":1},"s":{"a":0,"k":[100,100],"ix":3},"r":{"a":0,"k":0,"ix":6},"o":{"a":0,"k":100,"ix":7},"sk":{"a":0,"k":0,"ix":4},"sa":{"a":0,"k":0,"ix":5},"nm":"Transform"}],"nm":"Group 16","np":2,"cix":2,"bm":0,"ix":16,"mn":"ADBE Vector Group","hd":false},{"ty":"gr","it":[{"ind":0,"ty":"sh","ix":1,"ks":{"a":0,"k":{"i":[[1.502,0],[0,0],[0,1.503],[0,0],[-1.502,0],[0,0],[0,-1.503],[0,0]],"o":[[0,0],[-1.502,0],[0,0],[0,-1.503],[0,0],[1.502,0],[0,0],[0,1.503]],"v":[[7.779,10.5],[-7.78,10.5],[-10.5,7.779],[-10.5,-7.779],[-7.78,-10.5],[7.779,-10.5],[10.5,-7.779],[10.5,7.779]],"c":true},"ix":2},"nm":"Path 1","mn":"ADBE Vector Shape - Group","hd":false},{"ty":"st","c":{"a":0,"k":[0.086000001197,0.282000014361,0.522000002394,1],"ix":3},"o":{"a":0,"k":100,"ix":4},"w":{"a":0,"k":3.5,"ix":5},"lc":1,"lj":1,"ml":10,"bm":0,"nm":"Stroke 1","mn":"ADBE Vector Graphic - Stroke","hd":false},{"ty":"tr","p":{"a":0,"k":[107.5,138.5],"ix":2},"a":{"a":0,"k":[0,0],"ix":1},"s":{"a":0,"k":[100,100],"ix":3},"r":{"a":0,"k":0,"ix":6},"o":{"a":1,"k":[{"i":{"x":[0.833],"y":[0.833]},"o":{"x":[0.167],"y":[0.167]},"t":1,"s":[100]},{"i":{"x":[0.833],"y":[0.833]},"o":{"x":[0.167],"y":[0.167]},"t":2,"s":[0]},{"i":{"x":[0.833],"y":[0.833]},"o":{"x":[0.167],"y":[0.167]},"t":19,"s":[0]},{"t":24.00000097754,"s":[100]}],"ix":7},"sk":{"a":0,"k":0,"ix":4},"sa":{"a":0,"k":0,"ix":5},"nm":"Transform"}],"nm":"Group 17","np":2,"cix":2,"bm":0,"ix":17,"mn":"ADBE Vector Group","hd":false},{"ty":"gr","it":[{"ind":0,"ty":"sh","ix":1,"ks":{"a":0,"k":{"i":[[-1.707,0],[0,0],[0,-1.707],[1.707,0],[0,0],[0,1.707]],"o":[[0,0],[1.707,0],[0,1.707],[0,0],[-1.707,0],[0,-1.707]],"v":[[-29.359,-3.091],[29.359,-3.091],[32.451,0],[29.359,3.091],[-29.359,3.091],[-32.451,0]],"c":true},"ix":2},"nm":"Path 1","mn":"ADBE Vector Shape - Group","hd":false},{"ty":"fl","c":{"a":0,"k":[0.043000000598,0.277999997606,0.525,1],"ix":4},"o":{"a":0,"k":100,"ix":5},"r":1,"bm":0,"nm":"Fill 1","mn":"ADBE Vector Graphic - Fill","hd":false},{"ty":"tr","p":{"a":0,"k":[130.098,138.761],"ix":2},"a":{"a":0,"k":[-30,-0.125],"ix":1},"s":{"a":1,"k":[{"i":{"x":[0.833,0.833],"y":[0.833,0.833]},"o":{"x":[0.167,0.167],"y":[0.167,0.167]},"t":12,"s":[100,100]},{"i":{"x":[0.833,0.833],"y":[0.833,0.833]},"o":{"x":[0.167,0.167],"y":[0.167,0.167]},"t":14,"s":[87,100]},{"i":{"x":[0.833,0.833],"y":[0.833,0.833]},"o":{"x":[0.167,0.167],"y":[0.167,0.167]},"t":17,"s":[100,100]},{"t":18.000000733155,"s":[100,100]}],"ix":3},"r":{"a":0,"k":0,"ix":6},"o":{"a":0,"k":100,"ix":7},"sk":{"a":0,"k":0,"ix":4},"sa":{"a":0,"k":0,"ix":5},"nm":"Transform"}],"nm":"Group 18","np":2,"cix":2,"bm":0,"ix":18,"mn":"ADBE Vector Group","hd":false},{"ty":"gr","it":[{"ind":0,"ty":"sh","ix":1,"ks":{"a":0,"k":{"i":[[0,0],[0,0],[0.959,-0.959],[-0.959,-0.959],[0,0],[-0.959,0.958],[0,0],[0.959,0.959],[0.959,-0.959]],"o":[[0,0],[-0.959,-0.959],[-0.959,0.959],[0,0],[0.96,0.958],[0,0],[0.959,-0.959],[-0.959,-0.959],[0,0]],"v":[[-2.559,1.072],[-4.793,-1.162],[-8.267,-1.162],[-8.267,2.311],[-4.296,6.282],[-0.823,6.282],[8.266,-2.807],[8.266,-6.281],[4.794,-6.281]],"c":true},"ix":2},"nm":"Path 1","mn":"ADBE Vector Shape - Group","hd":false},{"ty":"fl","c":{"a":0,"k":[0.043000000598,0.277999997606,0.525,1],"ix":4},"o":{"a":0,"k":100,"ix":5},"r":1,"bm":0,"nm":"Fill 1","mn":"ADBE Vector Graphic - Fill","hd":false},{"ty":"tr","p":{"a":0,"k":[111.014,108.387],"ix":2},"a":{"a":0,"k":[0,0],"ix":1},"s":{"a":0,"k":[100,100],"ix":3},"r":{"a":0,"k":0,"ix":6},"o":{"a":0,"k":100,"ix":7},"sk":{"a":0,"k":0,"ix":4},"sa":{"a":0,"k":0,"ix":5},"nm":"Transform"}],"nm":"Group 19","np":2,"cix":2,"bm":0,"ix":19,"mn":"ADBE Vector Group","hd":false},{"ty":"gr","it":[{"ind":0,"ty":"sh","ix":1,"ks":{"a":0,"k":{"i":[[0,0],[0,0],[0.959,-0.959],[-0.959,-0.959],[0,0],[-0.959,0.958],[0,0],[0.959,0.959],[0.959,-0.959]],"o":[[0,0],[-0.959,-0.959],[-0.959,0.959],[0,0],[0.96,0.958],[0,0],[0.959,-0.959],[-0.959,-0.959],[0,0]],"v":[[-3.059,1.572],[-5.293,-0.662],[-8.767,-0.662],[-8.767,2.811],[-4.796,6.782],[-1.323,6.782],[8.766,-3.307],[8.766,-6.781],[5.294,-6.781]],"c":true},"ix":2},"nm":"Path 1","mn":"ADBE Vector Shape - Group","hd":false},{"ty":"st","c":{"a":0,"k":[1,1,1,1],"ix":3},"o":{"a":0,"k":100,"ix":4},"w":{"a":0,"k":5,"ix":5},"lc":1,"lj":1,"ml":10,"bm":0,"nm":"Stroke 1","mn":"ADBE Vector Graphic - Stroke","hd":false},{"ty":"fl","c":{"a":0,"k":[0.043000000598,0.277999997606,0.525,1],"ix":4},"o":{"a":0,"k":100,"ix":5},"r":1,"bm":0,"nm":"Fill 1","mn":"ADBE Vector Graphic - Fill","hd":false},{"ty":"tr","p":{"a":0,"k":[111.514,107.887],"ix":2},"a":{"a":0,"k":[0,0],"ix":1},"s":{"a":0,"k":[100,100],"ix":3},"r":{"a":0,"k":0,"ix":6},"o":{"a":0,"k":100,"ix":7},"sk":{"a":0,"k":0,"ix":4},"sa":{"a":0,"k":0,"ix":5},"nm":"Transform"}],"nm":"Group 20","np":3,"cix":2,"bm":0,"ix":20,"mn":"ADBE Vector Group","hd":false},{"ty":"gr","it":[{"ind":0,"ty":"sh","ix":1,"ks":{"a":0,"k":{"i":[[1.502,0],[0,0],[0,1.503],[0,0],[-1.502,0],[0,0],[0,-1.503],[0,0]],"o":[[0,0],[-1.502,0],[0,0],[0,-1.503],[0,0],[1.502,0],[0,0],[0,1.503]],"v":[[7.779,10.5],[-7.78,10.5],[-10.5,7.779],[-10.5,-7.779],[-7.78,-10.5],[7.779,-10.5],[10.5,-7.779],[10.5,7.779]],"c":true},"ix":2},"nm":"Path 1","mn":"ADBE Vector Shape - Group","hd":false},{"ty":"st","c":{"a":0,"k":[0.086000001197,0.282000014361,0.522000002394,1],"ix":3},"o":{"a":0,"k":100,"ix":4},"w":{"a":0,"k":3.5,"ix":5},"lc":1,"lj":1,"ml":10,"bm":0,"nm":"Stroke 1","mn":"ADBE Vector Graphic - Stroke","hd":false},{"ty":"tr","p":{"a":0,"k":[107.5,109.5],"ix":2},"a":{"a":0,"k":[0,0],"ix":1},"s":{"a":0,"k":[100,100],"ix":3},"r":{"a":0,"k":0,"ix":6},"o":{"a":0,"k":100,"ix":7},"sk":{"a":0,"k":0,"ix":4},"sa":{"a":0,"k":0,"ix":5},"nm":"Transform"}],"nm":"Group 21","np":2,"cix":2,"bm":0,"ix":21,"mn":"ADBE Vector Group","hd":false},{"ty":"gr","it":[{"ind":0,"ty":"sh","ix":1,"ks":{"a":0,"k":{"i":[[-1.707,0],[0,0],[0,-1.707],[1.707,0],[0,0],[0,1.707]],"o":[[0,0],[1.707,0],[0,1.707],[0,0],[-1.707,0],[0,-1.707]],"v":[[-29.359,-3.091],[29.359,-3.091],[32.451,0],[29.359,3.091],[-29.359,3.091],[-32.451,0]],"c":true},"ix":2},"nm":"Path 1","mn":"ADBE Vector Shape - Group","hd":false},{"ty":"fl","c":{"a":0,"k":[0.043000000598,0.277999997606,0.525,1],"ix":4},"o":{"a":0,"k":100,"ix":5},"r":1,"bm":0,"nm":"Fill 1","mn":"ADBE Vector Graphic - Fill","hd":false},{"ty":"tr","p":{"a":0,"k":[160.098,109.886],"ix":2},"a":{"a":0,"k":[0,0],"ix":1},"s":{"a":0,"k":[100,100],"ix":3},"r":{"a":0,"k":0,"ix":6},"o":{"a":0,"k":100,"ix":7},"sk":{"a":0,"k":0,"ix":4},"sa":{"a":0,"k":0,"ix":5},"nm":"Transform"}],"nm":"Group 22","np":2,"cix":2,"bm":0,"ix":22,"mn":"ADBE Vector Group","hd":false}],"ip":0,"op":35.0000014255792,"st":0,"bm":0}],"markers":[]}